keyword,cluster,search_intent,target_route,page_decision
tutoring services,Core tutoring,Commercial,/services,Existing page
tutoring services for school students,Core tutoring,Commercial,/services,Existing page
tutoring services for better grades,Core tutoring,Commercial,/services,Existing page
tutoring services for exam preparation,Core tutoring,Commercial,/services,Existing page
tutoring services for homework support,Core tutoring,Commercial,/services,Existing page
tutoring services with flexible timings,Core tutoring,Commercial,/services,Existing page
tutoring services with demo class,Core tutoring,Commercial,/services,Existing page
tutoring services for personalised learning,Core tutoring,Commercial,/services,Existing page
tutoring services for concept clarity,Core tutoring,Commercial,/services,Existing page
tutoring services for regular revision,Core tutoring,Commercial,/services,Existing page
tutoring services for weak students,Core tutoring,Commercial,/services,Existing page
tutoring services for confident learning,Core tutoring,Commercial,/services,Existing page
tutor service,Core tutoring,Commercial,/services,Existing page
tutor service for school students,Core tutoring,Commercial,/services,Existing page
tutor service for better grades,Core tutoring,Commercial,/services,Existing page
tutor service for exam preparation,Core tutoring,Commercial,/services,Existing page
tutor service for homework support,Core tutoring,Commercial,/services,Existing page
tutor service with flexible timings,Core tutoring,Commercial,/services,Existing page
tutor service with demo class,Core tutoring,Commercial,/services,Existing page
tutor service for personalised learning,Core tutoring,Commercial,/services,Existing page
tutor service for concept clarity,Core tutoring,Commercial,/services,Existing page
tutor service for regular revision,Core tutoring,Commercial,/services,Existing page
tutor service for weak students,Core tutoring,Commercial,/services,Existing page
tutor service for confident learning,Core tutoring,Commercial,/services,Existing page
find a tutor,Core tutoring,Commercial,/services,Existing page
find a tutor for school students,Core tutoring,Commercial,/services,Existing page
find a tutor for better grades,Core tutoring,Commercial,/services,Existing page
find a tutor for exam preparation,Core tutoring,Commercial,/services,Existing page
find a tutor for homework support,Core tutoring,Commercial,/services,Existing page
find a tutor with flexible timings,Core tutoring,Commercial,/services,Existing page
find a tutor with demo class,Core tutoring,Commercial,/services,Existing page
find a tutor for personalised learning,Core tutoring,Commercial,/services,Existing page
find a tutor for concept clarity,Core tutoring,Commercial,/services,Existing page
find a tutor for regular revision,Core tutoring,Commercial,/services,Existing page
find a tutor for weak students,Core tutoring,Commercial,/services,Existing page
find a tutor for confident learning,Core tutoring,Commercial,/services,Existing page
tuition teacher,Core tutoring,Commercial,/services,Existing page
tuition teacher for school students,Core tutoring,Commercial,/services,Existing page
tuition teacher for better grades,Core tutoring,Commercial,/services,Existing page
tuition teacher for exam preparation,Core tutoring,Commercial,/services,Existing page
tuition teacher for homework support,Core tutoring,Commercial,/services,Existing page
tuition teacher with flexible timings,Core tutoring,Commercial,/services,Existing page
tuition teacher with demo class,Core tutoring,Commercial,/services,Existing page
tuition teacher for personalised learning,Core tutoring,Commercial,/services,Existing page
tuition teacher for concept clarity,Core tutoring,Commercial,/services,Existing page
tuition teacher for regular revision,Core tutoring,Commercial,/services,Existing page
tuition teacher for weak students,Core tutoring,Commercial,/services,Existing page
tuition teacher for confident learning,Core tutoring,Commercial,/services,Existing page
home tuition,Home tuition,Commercial,/home-tuition,Existing page
home tuition for school students,Home tuition,Commercial,/home-tuition,Existing page
home tuition for better grades,Home tuition,Commercial,/home-tuition,Existing page
home tuition for exam preparation,Home tuition,Commercial,/home-tuition,Existing page
home tuition for homework support,Home tuition,Commercial,/home-tuition,Existing page
home tuition with flexible timings,Home tuition,Commercial,/home-tuition,Existing page
home tuition with demo class,Home tuition,Commercial,/home-tuition,Existing page
home tuition for personalised learning,Home tuition,Commercial,/home-tuition,Existing page
home tuition for concept clarity,Home tuition,Commercial,/home-tuition,Existing page
home tuition for regular revision,Home tuition,Commercial,/home-tuition,Existing page
home tuition for weak students,Home tuition,Commercial,/home-tuition,Existing page
home tuition for confident learning,Home tuition,Commercial,/home-tuition,Existing page
tuition at home,Home tuition,Commercial,/home-tuition,Existing page
tuition at home for school students,Home tuition,Commercial,/home-tuition,Existing page
tuition at home for better grades,Home tuition,Commercial,/home-tuition,Existing page
tuition at home for exam preparation,Home tuition,Commercial,/home-tuition,Existing page
tuition at home for homework support,Home tuition,Commercial,/home-tuition,Existing page
tuition at home with flexible timings,Home tuition,Commercial,/home-tuition,Existing page
tuition at home with demo class,Home tuition,Commercial,/home-tuition,Existing page
tuition at home for personalised learning,Home tuition,Commercial,/home-tuition,Existing page
tuition at home for concept clarity,Home tuition,Commercial,/home-tuition,Existing page
tuition at home for regular revision,Home tuition,Commercial,/home-tuition,Existing page
tuition at home for weak students,Home tuition,Commercial,/home-tuition,Existing page
tuition at home for confident learning,Home tuition,Commercial,/home-tuition,Existing page
home tuition service,Home tuition,Commercial,/home-tuition,Existing page
home tuition service for school students,Home tuition,Commercial,/home-tuition,Existing page
home tuition service for better grades,Home tuition,Commercial,/home-tuition,Existing page
home tuition service for exam preparation,Home tuition,Commercial,/home-tuition,Existing page
home tuition service for homework support,Home tuition,Commercial,/home-tuition,Existing page
home tuition service with flexible timings,Home tuition,Commercial,/home-tuition,Existing page
home tuition service with demo class,Home tuition,Commercial,/home-tuition,Existing page
home tuition service for personalised learning,Home tuition,Commercial,/home-tuition,Existing page
home tuition service for concept clarity,Home tuition,Commercial,/home-tuition,Existing page
home tuition service for regular revision,Home tuition,Commercial,/home-tuition,Existing page
home tuition service for weak students,Home tuition,Commercial,/home-tuition,Existing page
home tuition service for confident learning,Home tuition,Commercial,/home-tuition,Existing page
personal home tuition,Home tuition,Commercial,/home-tuition,Existing page
personal home tuition for school students,Home tuition,Commercial,/home-tuition,Existing page
personal home tuition for better grades,Home tuition,Commercial,/home-tuition,Existing page
personal home tuition for exam preparation,Home tuition,Commercial,/home-tuition,Existing page
personal home tuition for homework support,Home tuition,Commercial,/home-tuition,Existing page
personal home tuition with flexible timings,Home tuition,Commercial,/home-tuition,Existing page
personal home tuition with demo class,Home tuition,Commercial,/home-tuition,Existing page
personal home tuition for personalised learning,Home tuition,Commercial,/home-tuition,Existing page
personal home tuition for concept clarity,Home tuition,Commercial,/home-tuition,Existing page
personal home tuition for regular revision,Home tuition,Commercial,/home-tuition,Existing page
personal home tuition for weak students,Home tuition,Commercial,/home-tuition,Existing page
personal home tuition for confident learning,Home tuition,Commercial,/home-tuition,Existing page
home tutor,Home tutors,Commercial,/home-tuition,Existing page
home tutor for school students,Home tutors,Commercial,/home-tuition,Existing page
home tutor for better grades,Home tutors,Commercial,/home-tuition,Existing page
home tutor for exam preparation,Home tutors,Commercial,/home-tuition,Existing page
home tutor for homework support,Home tutors,Commercial,/home-tuition,Existing page
home tutor with flexible timings,Home tutors,Commercial,/home-tuition,Existing page
home tutor with demo class,Home tutors,Commercial,/home-tuition,Existing page
home tutor for personalised learning,Home tutors,Commercial,/home-tuition,Existing page
home tutor for concept clarity,Home tutors,Commercial,/home-tuition,Existing page
home tutor for regular revision,Home tutors,Commercial,/home-tuition,Existing page
home tutor for weak students,Home tutors,Commercial,/home-tuition,Existing page
home tutor for confident learning,Home tutors,Commercial,/home-tuition,Existing page
home tuition teacher,Home tutors,Commercial,/home-tuition,Existing page
home tuition teacher for school students,Home tutors,Commercial,/home-tuition,Existing page
home tuition teacher for better grades,Home tutors,Commercial,/home-tuition,Existing page
home tuition teacher for exam preparation,Home tutors,Commercial,/home-tuition,Existing page
home tuition teacher for homework support,Home tutors,Commercial,/home-tuition,Existing page
home tuition teacher with flexible timings,Home tutors,Commercial,/home-tuition,Existing page
home tuition teacher with demo class,Home tutors,Commercial,/home-tuition,Existing page
home tuition teacher for personalised learning,Home tutors,Commercial,/home-tuition,Existing page
home tuition teacher for concept clarity,Home tutors,Commercial,/home-tuition,Existing page
home tuition teacher for regular revision,Home tutors,Commercial,/home-tuition,Existing page
home tuition teacher for weak students,Home tutors,Commercial,/home-tuition,Existing page
home tuition teacher for confident learning,Home tutors,Commercial,/home-tuition,Existing page
tutor at home,Home tutors,Commercial,/home-tuition,Existing page
tutor at home for school students,Home tutors,Commercial,/home-tuition,Existing page
tutor at home for better grades,Home tutors,Commercial,/home-tuition,Existing page
tutor at home for exam preparation,Home tutors,Commercial,/home-tuition,Existing page
tutor at home for homework support,Home tutors,Commercial,/home-tuition,Existing page
tutor at home with flexible timings,Home tutors,Commercial,/home-tuition,Existing page
tutor at home with demo class,Home tutors,Commercial,/home-tuition,Existing page
tutor at home for personalised learning,Home tutors,Commercial,/home-tuition,Existing page
tutor at home for concept clarity,Home tutors,Commercial,/home-tuition,Existing page
tutor at home for regular revision,Home tutors,Commercial,/home-tuition,Existing page
tutor at home for weak students,Home tutors,Commercial,/home-tuition,Existing page
tutor at home for confident learning,Home tutors,Commercial,/home-tuition,Existing page
home teacher,Home tutors,Commercial,/home-tuition,Existing page
home teacher for school students,Home tutors,Commercial,/home-tuition,Existing page
home teacher for better grades,Home tutors,Commercial,/home-tuition,Existing page
home teacher for exam preparation,Home tutors,Commercial,/home-tuition,Existing page
home teacher for homework support,Home tutors,Commercial,/home-tuition,Existing page
home teacher with flexible timings,Home tutors,Commercial,/home-tuition,Existing page
home teacher with demo class,Home tutors,Commercial,/home-tuition,Existing page
home teacher for personalised learning,Home tutors,Commercial,/home-tuition,Existing page
home teacher for concept clarity,Home tutors,Commercial,/home-tuition,Existing page
home teacher for regular revision,Home tutors,Commercial,/home-tuition,Existing page
home teacher for weak students,Home tutors,Commercial,/home-tuition,Existing page
home teacher for confident learning,Home tutors,Commercial,/home-tuition,Existing page
private tutor,Private tutors,Commercial,/one-to-one-tuition,Existing page
private tutor for school students,Private tutors,Commercial,/one-to-one-tuition,Existing page
private tutor for better grades,Private tutors,Commercial,/one-to-one-tuition,Existing page
private tutor for exam preparation,Private tutors,Commercial,/one-to-one-tuition,Existing page
private tutor for homework support,Private tutors,Commercial,/one-to-one-tuition,Existing page
private tutor with flexible timings,Private tutors,Commercial,/one-to-one-tuition,Existing page
private tutor with demo class,Private tutors,Commercial,/one-to-one-tuition,Existing page
private tutor for personalised learning,Private tutors,Commercial,/one-to-one-tuition,Existing page
private tutor for concept clarity,Private tutors,Commercial,/one-to-one-tuition,Existing page
private tutor for regular revision,Private tutors,Commercial,/one-to-one-tuition,Existing page
private tutor for weak students,Private tutors,Commercial,/one-to-one-tuition,Existing page
private tutor for confident learning,Private tutors,Commercial,/one-to-one-tuition,Existing page
personal tutor,Private tutors,Commercial,/one-to-one-tuition,Existing page
personal tutor for school students,Private tutors,Commercial,/one-to-one-tuition,Existing page
personal tutor for better grades,Private tutors,Commercial,/one-to-one-tuition,Existing page
personal tutor for exam preparation,Private tutors,Commercial,/one-to-one-tuition,Existing page
personal tutor for homework support,Private tutors,Commercial,/one-to-one-tuition,Existing page
personal tutor with flexible timings,Private tutors,Commercial,/one-to-one-tuition,Existing page
personal tutor with demo class,Private tutors,Commercial,/one-to-one-tuition,Existing page
personal tutor for personalised learning,Private tutors,Commercial,/one-to-one-tuition,Existing page
personal tutor for concept clarity,Private tutors,Commercial,/one-to-one-tuition,Existing page
personal tutor for regular revision,Private tutors,Commercial,/one-to-one-tuition,Existing page
personal tutor for weak students,Private tutors,Commercial,/one-to-one-tuition,Existing page
personal tutor for confident learning,Private tutors,Commercial,/one-to-one-tuition,Existing page
private tuition teacher,Private tutors,Commercial,/one-to-one-tuition,Existing page
private tuition teacher for school students,Private tutors,Commercial,/one-to-one-tuition,Existing page
private tuition teacher for better grades,Private tutors,Commercial,/one-to-one-tuition,Existing page
private tuition teacher for exam preparation,Private tutors,Commercial,/one-to-one-tuition,Existing page
private tuition teacher for homework support,Private tutors,Commercial,/one-to-one-tuition,Existing page
private tuition teacher with flexible timings,Private tutors,Commercial,/one-to-one-tuition,Existing page
private tuition teacher with demo class,Private tutors,Commercial,/one-to-one-tuition,Existing page
private tuition teacher for personalised learning,Private tutors,Commercial,/one-to-one-tuition,Existing page
private tuition teacher for concept clarity,Private tutors,Commercial,/one-to-one-tuition,Existing page
private tuition teacher for regular revision,Private tutors,Commercial,/one-to-one-tuition,Existing page
private tuition teacher for weak students,Private tutors,Commercial,/one-to-one-tuition,Existing page
private tuition teacher for confident learning,Private tutors,Commercial,/one-to-one-tuition,Existing page
individual tutor,Private tutors,Commercial,/one-to-one-tuition,Existing page
individual tutor for school students,Private tutors,Commercial,/one-to-one-tuition,Existing page
individual tutor for better grades,Private tutors,Commercial,/one-to-one-tuition,Existing page
individual tutor for exam preparation,Private tutors,Commercial,/one-to-one-tuition,Existing page
individual tutor for homework support,Private tutors,Commercial,/one-to-one-tuition,Existing page
individual tutor with flexible timings,Private tutors,Commercial,/one-to-one-tuition,Existing page
individual tutor with demo class,Private tutors,Commercial,/one-to-one-tuition,Existing page
individual tutor for personalised learning,Private tutors,Commercial,/one-to-one-tuition,Existing page
individual tutor for concept clarity,Private tutors,Commercial,/one-to-one-tuition,Existing page
individual tutor for regular revision,Private tutors,Commercial,/one-to-one-tuition,Existing page
individual tutor for weak students,Private tutors,Commercial,/one-to-one-tuition,Existing page
individual tutor for confident learning,Private tutors,Commercial,/one-to-one-tuition,Existing page
online tuition,Online tuition,Commercial,/online-tuition,Existing page
online tuition for school students,Online tuition,Commercial,/online-tuition,Existing page
online tuition for better grades,Online tuition,Commercial,/online-tuition,Existing page
online tuition for exam preparation,Online tuition,Commercial,/online-tuition,Existing page
online tuition for homework support,Online tuition,Commercial,/online-tuition,Existing page
online tuition with flexible timings,Online tuition,Commercial,/online-tuition,Existing page
online tuition with demo class,Online tuition,Commercial,/online-tuition,Existing page
online tuition for personalised learning,Online tuition,Commercial,/online-tuition,Existing page
online tuition for concept clarity,Online tuition,Commercial,/online-tuition,Existing page
online tuition for regular revision,Online tuition,Commercial,/online-tuition,Existing page
online tuition for weak students,Online tuition,Commercial,/online-tuition,Existing page
online tuition for confident learning,Online tuition,Commercial,/online-tuition,Existing page
online tutor,Online tuition,Commercial,/online-tuition,Existing page
online tutor for school students,Online tuition,Commercial,/online-tuition,Existing page
online tutor for better grades,Online tuition,Commercial,/online-tuition,Existing page
online tutor for exam preparation,Online tuition,Commercial,/online-tuition,Existing page
online tutor for homework support,Online tuition,Commercial,/online-tuition,Existing page
online tutor with flexible timings,Online tuition,Commercial,/online-tuition,Existing page
online tutor with demo class,Online tuition,Commercial,/online-tuition,Existing page
online tutor for personalised learning,Online tuition,Commercial,/online-tuition,Existing page
online tutor for concept clarity,Online tuition,Commercial,/online-tuition,Existing page
online tutor for regular revision,Online tuition,Commercial,/online-tuition,Existing page
online tutor for weak students,Online tuition,Commercial,/online-tuition,Existing page
online tutor for confident learning,Online tuition,Commercial,/online-tuition,Existing page
live online classes,Online tuition,Commercial,/online-tuition,Existing page
live online classes for school students,Online tuition,Commercial,/online-tuition,Existing page
live online classes for better grades,Online tuition,Commercial,/online-tuition,Existing page
live online classes for exam preparation,Online tuition,Commercial,/online-tuition,Existing page
live online classes for homework support,Online tuition,Commercial,/online-tuition,Existing page
live online classes with flexible timings,Online tuition,Commercial,/online-tuition,Existing page
live online classes with demo class,Online tuition,Commercial,/online-tuition,Existing page
live online classes for personalised learning,Online tuition,Commercial,/online-tuition,Existing page
live online classes for concept clarity,Online tuition,Commercial,/online-tuition,Existing page
live online classes for regular revision,Online tuition,Commercial,/online-tuition,Existing page
live online classes for weak students,Online tuition,Commercial,/online-tuition,Existing page
live online classes for confident learning,Online tuition,Commercial,/online-tuition,Existing page
virtual tuition,Online tuition,Commercial,/online-tuition,Existing page
virtual tuition for school students,Online tuition,Commercial,/online-tuition,Existing page
virtual tuition for better grades,Online tuition,Commercial,/online-tuition,Existing page
virtual tuition for exam preparation,Online tuition,Commercial,/online-tuition,Existing page
virtual tuition for homework support,Online tuition,Commercial,/online-tuition,Existing page
virtual tuition with flexible timings,Online tuition,Commercial,/online-tuition,Existing page
virtual tuition with demo class,Online tuition,Commercial,/online-tuition,Existing page
virtual tuition for personalised learning,Online tuition,Commercial,/online-tuition,Existing page
virtual tuition for concept clarity,Online tuition,Commercial,/online-tuition,Existing page
virtual tuition for regular revision,Online tuition,Commercial,/online-tuition,Existing page
virtual tuition for weak students,Online tuition,Commercial,/online-tuition,Existing page
virtual tuition for confident learning,Online tuition,Commercial,/online-tuition,Existing page
offline tuition,Offline tuition,Commercial,/offline-tuition,Existing page
offline tuition for school students,Offline tuition,Commercial,/offline-tuition,Existing page
offline tuition for better grades,Offline tuition,Commercial,/offline-tuition,Existing page
offline tuition for exam preparation,Offline tuition,Commercial,/offline-tuition,Existing page
offline tuition for homework support,Offline tuition,Commercial,/offline-tuition,Existing page
offline tuition with flexible timings,Offline tuition,Commercial,/offline-tuition,Existing page
offline tuition with demo class,Offline tuition,Commercial,/offline-tuition,Existing page
offline tuition for personalised learning,Offline tuition,Commercial,/offline-tuition,Existing page
offline tuition for concept clarity,Offline tuition,Commercial,/offline-tuition,Existing page
offline tuition for regular revision,Offline tuition,Commercial,/offline-tuition,Existing page
offline tuition for weak students,Offline tuition,Commercial,/offline-tuition,Existing page
offline tuition for confident learning,Offline tuition,Commercial,/offline-tuition,Existing page
local tuition classes,Offline tuition,Commercial,/offline-tuition,Existing page
local tuition classes for school students,Offline tuition,Commercial,/offline-tuition,Existing page
local tuition classes for better grades,Offline tuition,Commercial,/offline-tuition,Existing page
local tuition classes for exam preparation,Offline tuition,Commercial,/offline-tuition,Existing page
local tuition classes for homework support,Offline tuition,Commercial,/offline-tuition,Existing page
local tuition classes with flexible timings,Offline tuition,Commercial,/offline-tuition,Existing page
local tuition classes with demo class,Offline tuition,Commercial,/offline-tuition,Existing page
local tuition classes for personalised learning,Offline tuition,Commercial,/offline-tuition,Existing page
local tuition classes for concept clarity,Offline tuition,Commercial,/offline-tuition,Existing page
local tuition classes for regular revision,Offline tuition,Commercial,/offline-tuition,Existing page
local tuition classes for weak students,Offline tuition,Commercial,/offline-tuition,Existing page
local tuition classes for confident learning,Offline tuition,Commercial,/offline-tuition,Existing page
in-person tuition,Offline tuition,Commercial,/offline-tuition,Existing page
in-person tuition for school students,Offline tuition,Commercial,/offline-tuition,Existing page
in-person tuition for better grades,Offline tuition,Commercial,/offline-tuition,Existing page
in-person tuition for exam preparation,Offline tuition,Commercial,/offline-tuition,Existing page
in-person tuition for homework support,Offline tuition,Commercial,/offline-tuition,Existing page
in-person tuition with flexible timings,Offline tuition,Commercial,/offline-tuition,Existing page
in-person tuition with demo class,Offline tuition,Commercial,/offline-tuition,Existing page
in-person tuition for personalised learning,Offline tuition,Commercial,/offline-tuition,Existing page
in-person tuition for concept clarity,Offline tuition,Commercial,/offline-tuition,Existing page
in-person tuition for regular revision,Offline tuition,Commercial,/offline-tuition,Existing page
in-person tuition for weak students,Offline tuition,Commercial,/offline-tuition,Existing page
in-person tuition for confident learning,Offline tuition,Commercial,/offline-tuition,Existing page
face-to-face tuition,Offline tuition,Commercial,/offline-tuition,Existing page
face-to-face tuition for school students,Offline tuition,Commercial,/offline-tuition,Existing page
face-to-face tuition for better grades,Offline tuition,Commercial,/offline-tuition,Existing page
face-to-face tuition for exam preparation,Offline tuition,Commercial,/offline-tuition,Existing page
face-to-face tuition for homework support,Offline tuition,Commercial,/offline-tuition,Existing page
face-to-face tuition with flexible timings,Offline tuition,Commercial,/offline-tuition,Existing page
face-to-face tuition with demo class,Offline tuition,Commercial,/offline-tuition,Existing page
face-to-face tuition for personalised learning,Offline tuition,Commercial,/offline-tuition,Existing page
face-to-face tuition for concept clarity,Offline tuition,Commercial,/offline-tuition,Existing page
face-to-face tuition for regular revision,Offline tuition,Commercial,/offline-tuition,Existing page
face-to-face tuition for weak students,Offline tuition,Commercial,/offline-tuition,Existing page
face-to-face tuition for confident learning,Offline tuition,Commercial,/offline-tuition,Existing page
tutor near me,Tutors near me,Commercial,/tutors-near-me,Existing page
tutor near me for school students,Tutors near me,Commercial,/tutors-near-me,Existing page
tutor near me for better grades,Tutors near me,Commercial,/tutors-near-me,Existing page
tutor near me for exam preparation,Tutors near me,Commercial,/tutors-near-me,Existing page
tutor near me for homework support,Tutors near me,Commercial,/tutors-near-me,Existing page
tutor near me with flexible timings,Tutors near me,Commercial,/tutors-near-me,Existing page
tutor near me with demo class,Tutors near me,Commercial,/tutors-near-me,Existing page
tutor near me for personalised learning,Tutors near me,Commercial,/tutors-near-me,Existing page
tutor near me for concept clarity,Tutors near me,Commercial,/tutors-near-me,Existing page
tutor near me for regular revision,Tutors near me,Commercial,/tutors-near-me,Existing page
tutor near me for weak students,Tutors near me,Commercial,/tutors-near-me,Existing page
tutor near me for confident learning,Tutors near me,Commercial,/tutors-near-me,Existing page
home tutor near me,Tutors near me,Commercial,/tutors-near-me,Existing page
home tutor near me for school students,Tutors near me,Commercial,/tutors-near-me,Existing page
home tutor near me for better grades,Tutors near me,Commercial,/tutors-near-me,Existing page
home tutor near me for exam preparation,Tutors near me,Commercial,/tutors-near-me,Existing page
home tutor near me for homework support,Tutors near me,Commercial,/tutors-near-me,Existing page
home tutor near me with flexible timings,Tutors near me,Commercial,/tutors-near-me,Existing page
home tutor near me with demo class,Tutors near me,Commercial,/tutors-near-me,Existing page
home tutor near me for personalised learning,Tutors near me,Commercial,/tutors-near-me,Existing page
home tutor near me for concept clarity,Tutors near me,Commercial,/tutors-near-me,Existing page
home tutor near me for regular revision,Tutors near me,Commercial,/tutors-near-me,Existing page
home tutor near me for weak students,Tutors near me,Commercial,/tutors-near-me,Existing page
home tutor near me for confident learning,Tutors near me,Commercial,/tutors-near-me,Existing page
private tutor near me,Tutors near me,Commercial,/tutors-near-me,Existing page
private tutor near me for school students,Tutors near me,Commercial,/tutors-near-me,Existing page
private tutor near me for better grades,Tutors near me,Commercial,/tutors-near-me,Existing page
private tutor near me for exam preparation,Tutors near me,Commercial,/tutors-near-me,Existing page
private tutor near me for homework support,Tutors near me,Commercial,/tutors-near-me,Existing page
private tutor near me with flexible timings,Tutors near me,Commercial,/tutors-near-me,Existing page
private tutor near me with demo class,Tutors near me,Commercial,/tutors-near-me,Existing page
private tutor near me for personalised learning,Tutors near me,Commercial,/tutors-near-me,Existing page
private tutor near me for concept clarity,Tutors near me,Commercial,/tutors-near-me,Existing page
private tutor near me for regular revision,Tutors near me,Commercial,/tutors-near-me,Existing page
private tutor near me for weak students,Tutors near me,Commercial,/tutors-near-me,Existing page
private tutor near me for confident learning,Tutors near me,Commercial,/tutors-near-me,Existing page
tuition teacher near me,Tutors near me,Commercial,/tutors-near-me,Existing page
tuition teacher near me for school students,Tutors near me,Commercial,/tutors-near-me,Existing page
tuition teacher near me for better grades,Tutors near me,Commercial,/tutors-near-me,Existing page
tuition teacher near me for exam preparation,Tutors near me,Commercial,/tutors-near-me,Existing page
tuition teacher near me for homework support,Tutors near me,Commercial,/tutors-near-me,Existing page
tuition teacher near me with flexible timings,Tutors near me,Commercial,/tutors-near-me,Existing page
tuition teacher near me with demo class,Tutors near me,Commercial,/tutors-near-me,Existing page
tuition teacher near me for personalised learning,Tutors near me,Commercial,/tutors-near-me,Existing page
tuition teacher near me for concept clarity,Tutors near me,Commercial,/tutors-near-me,Existing page
tuition teacher near me for regular revision,Tutors near me,Commercial,/tutors-near-me,Existing page
tuition teacher near me for weak students,Tutors near me,Commercial,/tutors-near-me,Existing page
tuition teacher near me for confident learning,Tutors near me,Commercial,/tutors-near-me,Existing page
tuition near me,Tuition near me,Commercial,/tutors-near-me,Existing page
tuition near me for school students,Tuition near me,Commercial,/tutors-near-me,Existing page
tuition near me for better grades,Tuition near me,Commercial,/tutors-near-me,Existing page
tuition near me for exam preparation,Tuition near me,Commercial,/tutors-near-me,Existing page
tuition near me for homework support,Tuition near me,Commercial,/tutors-near-me,Existing page
tuition near me with flexible timings,Tuition near me,Commercial,/tutors-near-me,Existing page
tuition near me with demo class,Tuition near me,Commercial,/tutors-near-me,Existing page
tuition near me for personalised learning,Tuition near me,Commercial,/tutors-near-me,Existing page
tuition near me for concept clarity,Tuition near me,Commercial,/tutors-near-me,Existing page
tuition near me for regular revision,Tuition near me,Commercial,/tutors-near-me,Existing page
tuition near me for weak students,Tuition near me,Commercial,/tutors-near-me,Existing page
tuition near me for confident learning,Tuition near me,Commercial,/tutors-near-me,Existing page
home tuition near me,Tuition near me,Commercial,/tutors-near-me,Existing page
home tuition near me for school students,Tuition near me,Commercial,/tutors-near-me,Existing page
home tuition near me for better grades,Tuition near me,Commercial,/tutors-near-me,Existing page
home tuition near me for exam preparation,Tuition near me,Commercial,/tutors-near-me,Existing page
home tuition near me for homework support,Tuition near me,Commercial,/tutors-near-me,Existing page
home tuition near me with flexible timings,Tuition near me,Commercial,/tutors-near-me,Existing page
home tuition near me with demo class,Tuition near me,Commercial,/tutors-near-me,Existing page
home tuition near me for personalised learning,Tuition near me,Commercial,/tutors-near-me,Existing page
home tuition near me for concept clarity,Tuition near me,Commercial,/tutors-near-me,Existing page
home tuition near me for regular revision,Tuition near me,Commercial,/tutors-near-me,Existing page
home tuition near me for weak students,Tuition near me,Commercial,/tutors-near-me,Existing page
home tuition near me for confident learning,Tuition near me,Commercial,/tutors-near-me,Existing page
private tuition near me,Tuition near me,Commercial,/tutors-near-me,Existing page
private tuition near me for school students,Tuition near me,Commercial,/tutors-near-me,Existing page
private tuition near me for better grades,Tuition near me,Commercial,/tutors-near-me,Existing page
private tuition near me for exam preparation,Tuition near me,Commercial,/tutors-near-me,Existing page
private tuition near me for homework support,Tuition near me,Commercial,/tutors-near-me,Existing page
private tuition near me with flexible timings,Tuition near me,Commercial,/tutors-near-me,Existing page
private tuition near me with demo class,Tuition near me,Commercial,/tutors-near-me,Existing page
private tuition near me for personalised learning,Tuition near me,Commercial,/tutors-near-me,Existing page
private tuition near me for concept clarity,Tuition near me,Commercial,/tutors-near-me,Existing page
private tuition near me for regular revision,Tuition near me,Commercial,/tutors-near-me,Existing page
private tuition near me for weak students,Tuition near me,Commercial,/tutors-near-me,Existing page
private tuition near me for confident learning,Tuition near me,Commercial,/tutors-near-me,Existing page
local tuition near me,Tuition near me,Commercial,/tutors-near-me,Existing page
local tuition near me for school students,Tuition near me,Commercial,/tutors-near-me,Existing page
local tuition near me for better grades,Tuition near me,Commercial,/tutors-near-me,Existing page
local tuition near me for exam preparation,Tuition near me,Commercial,/tutors-near-me,Existing page
local tuition near me for homework support,Tuition near me,Commercial,/tutors-near-me,Existing page
local tuition near me with flexible timings,Tuition near me,Commercial,/tutors-near-me,Existing page
local tuition near me with demo class,Tuition near me,Commercial,/tutors-near-me,Existing page
local tuition near me for personalised learning,Tuition near me,Commercial,/tutors-near-me,Existing page
local tuition near me for concept clarity,Tuition near me,Commercial,/tutors-near-me,Existing page
local tuition near me for regular revision,Tuition near me,Commercial,/tutors-near-me,Existing page
local tuition near me for weak students,Tuition near me,Commercial,/tutors-near-me,Existing page
local tuition near me for confident learning,Tuition near me,Commercial,/tutors-near-me,Existing page
affordable home tuition,Affordable tuition,Commercial,/home-tuition-fees,Existing page
affordable home tuition for school students,Affordable tuition,Commercial,/home-tuition-fees,Existing page
affordable home tuition for better grades,Affordable tuition,Commercial,/home-tuition-fees,Existing page
affordable home tuition for exam preparation,Affordable tuition,Commercial,/home-tuition-fees,Existing page
affordable home tuition for homework support,Affordable tuition,Commercial,/home-tuition-fees,Existing page
affordable home tuition with flexible timings,Affordable tuition,Commercial,/home-tuition-fees,Existing page
affordable home tuition with demo class,Affordable tuition,Commercial,/home-tuition-fees,Existing page
affordable home tuition for personalised learning,Affordable tuition,Commercial,/home-tuition-fees,Existing page
affordable home tuition for concept clarity,Affordable tuition,Commercial,/home-tuition-fees,Existing page
affordable home tuition for regular revision,Affordable tuition,Commercial,/home-tuition-fees,Existing page
affordable home tuition for weak students,Affordable tuition,Commercial,/home-tuition-fees,Existing page
affordable home tuition for confident learning,Affordable tuition,Commercial,/home-tuition-fees,Existing page
affordable private tutor,Affordable tuition,Commercial,/home-tuition-fees,Existing page
affordable private tutor for school students,Affordable tuition,Commercial,/home-tuition-fees,Existing page
affordable private tutor for better grades,Affordable tuition,Commercial,/home-tuition-fees,Existing page
affordable private tutor for exam preparation,Affordable tuition,Commercial,/home-tuition-fees,Existing page
affordable private tutor for homework support,Affordable tuition,Commercial,/home-tuition-fees,Existing page
affordable private tutor with flexible timings,Affordable tuition,Commercial,/home-tuition-fees,Existing page
affordable private tutor with demo class,Affordable tuition,Commercial,/home-tuition-fees,Existing page
affordable private tutor for personalised learning,Affordable tuition,Commercial,/home-tuition-fees,Existing page
affordable private tutor for concept clarity,Affordable tuition,Commercial,/home-tuition-fees,Existing page
affordable private tutor for regular revision,Affordable tuition,Commercial,/home-tuition-fees,Existing page
affordable private tutor for weak students,Affordable tuition,Commercial,/home-tuition-fees,Existing page
affordable private tutor for confident learning,Affordable tuition,Commercial,/home-tuition-fees,Existing page
budget-friendly tuition,Affordable tuition,Commercial,/home-tuition-fees,Existing page
budget-friendly tuition for school students,Affordable tuition,Commercial,/home-tuition-fees,Existing page
budget-friendly tuition for better grades,Affordable tuition,Commercial,/home-tuition-fees,Existing page
budget-friendly tuition for exam preparation,Affordable tuition,Commercial,/home-tuition-fees,Existing page
budget-friendly tuition for homework support,Affordable tuition,Commercial,/home-tuition-fees,Existing page
budget-friendly tuition with flexible timings,Affordable tuition,Commercial,/home-tuition-fees,Existing page
budget-friendly tuition with demo class,Affordable tuition,Commercial,/home-tuition-fees,Existing page
budget-friendly tuition for personalised learning,Affordable tuition,Commercial,/home-tuition-fees,Existing page
budget-friendly tuition for concept clarity,Affordable tuition,Commercial,/home-tuition-fees,Existing page
budget-friendly tuition for regular revision,Affordable tuition,Commercial,/home-tuition-fees,Existing page
budget-friendly tuition for weak students,Affordable tuition,Commercial,/home-tuition-fees,Existing page
budget-friendly tuition for confident learning,Affordable tuition,Commercial,/home-tuition-fees,Existing page
reasonable home tutor fees,Affordable tuition,Commercial,/home-tuition-fees,Existing page
reasonable home tutor fees for school students,Affordable tuition,Commercial,/home-tuition-fees,Existing page
reasonable home tutor fees for better grades,Affordable tuition,Commercial,/home-tuition-fees,Existing page
reasonable home tutor fees for exam preparation,Affordable tuition,Commercial,/home-tuition-fees,Existing page
reasonable home tutor fees for homework support,Affordable tuition,Commercial,/home-tuition-fees,Existing page
reasonable home tutor fees with flexible timings,Affordable tuition,Commercial,/home-tuition-fees,Existing page
reasonable home tutor fees with demo class,Affordable tuition,Commercial,/home-tuition-fees,Existing page
reasonable home tutor fees for personalised learning,Affordable tuition,Commercial,/home-tuition-fees,Existing page
reasonable home tutor fees for concept clarity,Affordable tuition,Commercial,/home-tuition-fees,Existing page
reasonable home tutor fees for regular revision,Affordable tuition,Commercial,/home-tuition-fees,Existing page
reasonable home tutor fees for weak students,Affordable tuition,Commercial,/home-tuition-fees,Existing page
reasonable home tutor fees for confident learning,Affordable tuition,Commercial,/home-tuition-fees,Existing page
one-to-one tuition,One-to-one tuition,Commercial,/one-to-one-tuition,Existing page
one-to-one tuition for school students,One-to-one tuition,Commercial,/one-to-one-tuition,Existing page
one-to-one tuition for better grades,One-to-one tuition,Commercial,/one-to-one-tuition,Existing page
one-to-one tuition for exam preparation,One-to-one tuition,Commercial,/one-to-one-tuition,Existing page
one-to-one tuition for homework support,One-to-one tuition,Commercial,/one-to-one-tuition,Existing page
one-to-one tuition with flexible timings,One-to-one tuition,Commercial,/one-to-one-tuition,Existing page
one-to-one tuition with demo class,One-to-one tuition,Commercial,/one-to-one-tuition,Existing page
one-to-one tuition for personalised learning,One-to-one tuition,Commercial,/one-to-one-tuition,Existing page
one-to-one tuition for concept clarity,One-to-one tuition,Commercial,/one-to-one-tuition,Existing page
one-to-one tuition for regular revision,One-to-one tuition,Commercial,/one-to-one-tuition,Existing page
one-to-one tuition for weak students,One-to-one tuition,Commercial,/one-to-one-tuition,Existing page
one-to-one tuition for confident learning,One-to-one tuition,Commercial,/one-to-one-tuition,Existing page
one-on-one tutor,One-to-one tuition,Commercial,/one-to-one-tuition,Existing page
one-on-one tutor for school students,One-to-one tuition,Commercial,/one-to-one-tuition,Existing page
one-on-one tutor for better grades,One-to-one tuition,Commercial,/one-to-one-tuition,Existing page
one-on-one tutor for exam preparation,One-to-one tuition,Commercial,/one-to-one-tuition,Existing page
one-on-one tutor for homework support,One-to-one tuition,Commercial,/one-to-one-tuition,Existing page
one-on-one tutor with flexible timings,One-to-one tuition,Commercial,/one-to-one-tuition,Existing page
one-on-one tutor with demo class,One-to-one tuition,Commercial,/one-to-one-tuition,Existing page
one-on-one tutor for personalised learning,One-to-one tuition,Commercial,/one-to-one-tuition,Existing page
one-on-one tutor for concept clarity,One-to-one tuition,Commercial,/one-to-one-tuition,Existing page
one-on-one tutor for regular revision,One-to-one tuition,Commercial,/one-to-one-tuition,Existing page
one-on-one tutor for weak students,One-to-one tuition,Commercial,/one-to-one-tuition,Existing page
one-on-one tutor for confident learning,One-to-one tuition,Commercial,/one-to-one-tuition,Existing page
individual tuition classes,One-to-one tuition,Commercial,/one-to-one-tuition,Existing page
individual tuition classes for school students,One-to-one tuition,Commercial,/one-to-one-tuition,Existing page
individual tuition classes for better grades,One-to-one tuition,Commercial,/one-to-one-tuition,Existing page
individual tuition classes for exam preparation,One-to-one tuition,Commercial,/one-to-one-tuition,Existing page
individual tuition classes for homework support,One-to-one tuition,Commercial,/one-to-one-tuition,Existing page
individual tuition classes with flexible timings,One-to-one tuition,Commercial,/one-to-one-tuition,Existing page
individual tuition classes with demo class,One-to-one tuition,Commercial,/one-to-one-tuition,Existing page
individual tuition classes for personalised learning,One-to-one tuition,Commercial,/one-to-one-tuition,Existing page
individual tuition classes for concept clarity,One-to-one tuition,Commercial,/one-to-one-tuition,Existing page
individual tuition classes for regular revision,One-to-one tuition,Commercial,/one-to-one-tuition,Existing page
individual tuition classes for weak students,One-to-one tuition,Commercial,/one-to-one-tuition,Existing page
individual tuition classes for confident learning,One-to-one tuition,Commercial,/one-to-one-tuition,Existing page
personalised tuition,One-to-one tuition,Commercial,/one-to-one-tuition,Existing page
personalised tuition for school students,One-to-one tuition,Commercial,/one-to-one-tuition,Existing page
personalised tuition for better grades,One-to-one tuition,Commercial,/one-to-one-tuition,Existing page
personalised tuition for exam preparation,One-to-one tuition,Commercial,/one-to-one-tuition,Existing page
personalised tuition for homework support,One-to-one tuition,Commercial,/one-to-one-tuition,Existing page
personalised tuition with flexible timings,One-to-one tuition,Commercial,/one-to-one-tuition,Existing page
personalised tuition with demo class,One-to-one tuition,Commercial,/one-to-one-tuition,Existing page
personalised tuition for personalised learning,One-to-one tuition,Commercial,/one-to-one-tuition,Existing page
personalised tuition for concept clarity,One-to-one tuition,Commercial,/one-to-one-tuition,Existing page
personalised tuition for regular revision,One-to-one tuition,Commercial,/one-to-one-tuition,Existing page
personalised tuition for weak students,One-to-one tuition,Commercial,/one-to-one-tuition,Existing page
personalised tuition for confident learning,One-to-one tuition,Commercial,/one-to-one-tuition,Existing page
experienced tutor,Experienced tutors,Commercial,/how-we-verify-tutors,Existing page
experienced tutor for school students,Experienced tutors,Commercial,/how-we-verify-tutors,Existing page
experienced tutor for better grades,Experienced tutors,Commercial,/how-we-verify-tutors,Existing page
experienced tutor for exam preparation,Experienced tutors,Commercial,/how-we-verify-tutors,Existing page
experienced tutor for homework support,Experienced tutors,Commercial,/how-we-verify-tutors,Existing page
experienced tutor with flexible timings,Experienced tutors,Commercial,/how-we-verify-tutors,Existing page
experienced tutor with demo class,Experienced tutors,Commercial,/how-we-verify-tutors,Existing page
experienced tutor for personalised learning,Experienced tutors,Commercial,/how-we-verify-tutors,Existing page
experienced tutor for concept clarity,Experienced tutors,Commercial,/how-we-verify-tutors,Existing page
experienced tutor for regular revision,Experienced tutors,Commercial,/how-we-verify-tutors,Existing page
experienced tutor for weak students,Experienced tutors,Commercial,/how-we-verify-tutors,Existing page
experienced tutor for confident learning,Experienced tutors,Commercial,/how-we-verify-tutors,Existing page
qualified home tutor,Experienced tutors,Commercial,/how-we-verify-tutors,Existing page
qualified home tutor for school students,Experienced tutors,Commercial,/how-we-verify-tutors,Existing page
qualified home tutor for better grades,Experienced tutors,Commercial,/how-we-verify-tutors,Existing page
qualified home tutor for exam preparation,Experienced tutors,Commercial,/how-we-verify-tutors,Existing page
qualified home tutor for homework support,Experienced tutors,Commercial,/how-we-verify-tutors,Existing page
qualified home tutor with flexible timings,Experienced tutors,Commercial,/how-we-verify-tutors,Existing page
qualified home tutor with demo class,Experienced tutors,Commercial,/how-we-verify-tutors,Existing page
qualified home tutor for personalised learning,Experienced tutors,Commercial,/how-we-verify-tutors,Existing page
qualified home tutor for concept clarity,Experienced tutors,Commercial,/how-we-verify-tutors,Existing page
qualified home tutor for regular revision,Experienced tutors,Commercial,/how-we-verify-tutors,Existing page
qualified home tutor for weak students,Experienced tutors,Commercial,/how-we-verify-tutors,Existing page
qualified home tutor for confident learning,Experienced tutors,Commercial,/how-we-verify-tutors,Existing page
subject expert tutor,Experienced tutors,Commercial,/how-we-verify-tutors,Existing page
subject expert tutor for school students,Experienced tutors,Commercial,/how-we-verify-tutors,Existing page
subject expert tutor for better grades,Experienced tutors,Commercial,/how-we-verify-tutors,Existing page
subject expert tutor for exam preparation,Experienced tutors,Commercial,/how-we-verify-tutors,Existing page
subject expert tutor for homework support,Experienced tutors,Commercial,/how-we-verify-tutors,Existing page
subject expert tutor with flexible timings,Experienced tutors,Commercial,/how-we-verify-tutors,Existing page
subject expert tutor with demo class,Experienced tutors,Commercial,/how-we-verify-tutors,Existing page
subject expert tutor for personalised learning,Experienced tutors,Commercial,/how-we-verify-tutors,Existing page
subject expert tutor for concept clarity,Experienced tutors,Commercial,/how-we-verify-tutors,Existing page
subject expert tutor for regular revision,Experienced tutors,Commercial,/how-we-verify-tutors,Existing page
subject expert tutor for weak students,Experienced tutors,Commercial,/how-we-verify-tutors,Existing page
subject expert tutor for confident learning,Experienced tutors,Commercial,/how-we-verify-tutors,Existing page
experienced private teacher,Experienced tutors,Commercial,/how-we-verify-tutors,Existing page
experienced private teacher for school students,Experienced tutors,Commercial,/how-we-verify-tutors,Existing page
experienced private teacher for better grades,Experienced tutors,Commercial,/how-we-verify-tutors,Existing page
experienced private teacher for exam preparation,Experienced tutors,Commercial,/how-we-verify-tutors,Existing page
experienced private teacher for homework support,Experienced tutors,Commercial,/how-we-verify-tutors,Existing page
experienced private teacher with flexible timings,Experienced tutors,Commercial,/how-we-verify-tutors,Existing page
experienced private teacher with demo class,Experienced tutors,Commercial,/how-we-verify-tutors,Existing page
experienced private teacher for personalised learning,Experienced tutors,Commercial,/how-we-verify-tutors,Existing page
experienced private teacher for concept clarity,Experienced tutors,Commercial,/how-we-verify-tutors,Existing page
experienced private teacher for regular revision,Experienced tutors,Commercial,/how-we-verify-tutors,Existing page
experienced private teacher for weak students,Experienced tutors,Commercial,/how-we-verify-tutors,Existing page
experienced private teacher for confident learning,Experienced tutors,Commercial,/how-we-verify-tutors,Existing page
flexible tuition timings,Flexible tutoring,Commercial,/services,Existing page
flexible tuition timings for school students,Flexible tutoring,Commercial,/services,Existing page
flexible tuition timings for better grades,Flexible tutoring,Commercial,/services,Existing page
flexible tuition timings for exam preparation,Flexible tutoring,Commercial,/services,Existing page
flexible tuition timings for homework support,Flexible tutoring,Commercial,/services,Existing page
flexible tuition timings with flexible timings,Flexible tutoring,Commercial,/services,Existing page
flexible tuition timings with demo class,Flexible tutoring,Commercial,/services,Existing page
flexible tuition timings for personalised learning,Flexible tutoring,Commercial,/services,Existing page
flexible tuition timings for concept clarity,Flexible tutoring,Commercial,/services,Existing page
flexible tuition timings for regular revision,Flexible tutoring,Commercial,/services,Existing page
flexible tuition timings for weak students,Flexible tutoring,Commercial,/services,Existing page
flexible tuition timings for confident learning,Flexible tutoring,Commercial,/services,Existing page
weekend tuition classes,Flexible tutoring,Commercial,/services,Existing page
weekend tuition classes for school students,Flexible tutoring,Commercial,/services,Existing page
weekend tuition classes for better grades,Flexible tutoring,Commercial,/services,Existing page
weekend tuition classes for exam preparation,Flexible tutoring,Commercial,/services,Existing page
weekend tuition classes for homework support,Flexible tutoring,Commercial,/services,Existing page
weekend tuition classes with flexible timings,Flexible tutoring,Commercial,/services,Existing page
weekend tuition classes with demo class,Flexible tutoring,Commercial,/services,Existing page
weekend tuition classes for personalised learning,Flexible tutoring,Commercial,/services,Existing page
weekend tuition classes for concept clarity,Flexible tutoring,Commercial,/services,Existing page
weekend tuition classes for regular revision,Flexible tutoring,Commercial,/services,Existing page
weekend tuition classes for weak students,Flexible tutoring,Commercial,/services,Existing page
weekend tuition classes for confident learning,Flexible tutoring,Commercial,/services,Existing page
evening home tuition,Flexible tutoring,Commercial,/services,Existing page
evening home tuition for school students,Flexible tutoring,Commercial,/services,Existing page
evening home tuition for better grades,Flexible tutoring,Commercial,/services,Existing page
evening home tuition for exam preparation,Flexible tutoring,Commercial,/services,Existing page
evening home tuition for homework support,Flexible tutoring,Commercial,/services,Existing page
evening home tuition with flexible timings,Flexible tutoring,Commercial,/services,Existing page
evening home tuition with demo class,Flexible tutoring,Commercial,/services,Existing page
evening home tuition for personalised learning,Flexible tutoring,Commercial,/services,Existing page
evening home tuition for concept clarity,Flexible tutoring,Commercial,/services,Existing page
evening home tuition for regular revision,Flexible tutoring,Commercial,/services,Existing page
evening home tuition for weak students,Flexible tutoring,Commercial,/services,Existing page
evening home tuition for confident learning,Flexible tutoring,Commercial,/services,Existing page
tuition with flexible schedule,Flexible tutoring,Commercial,/services,Existing page
tuition with flexible schedule for school students,Flexible tutoring,Commercial,/services,Existing page
tuition with flexible schedule for better grades,Flexible tutoring,Commercial,/services,Existing page
tuition with flexible schedule for exam preparation,Flexible tutoring,Commercial,/services,Existing page
tuition with flexible schedule for homework support,Flexible tutoring,Commercial,/services,Existing page
tuition with flexible schedule with flexible timings,Flexible tutoring,Commercial,/services,Existing page
tuition with flexible schedule with demo class,Flexible tutoring,Commercial,/services,Existing page
tuition with flexible schedule for personalised learning,Flexible tutoring,Commercial,/services,Existing page
tuition with flexible schedule for concept clarity,Flexible tutoring,Commercial,/services,Existing page
tuition with flexible schedule for regular revision,Flexible tutoring,Commercial,/services,Existing page
tuition with flexible schedule for weak students,Flexible tutoring,Commercial,/services,Existing page
tuition with flexible schedule for confident learning,Flexible tutoring,Commercial,/services,Existing page
tutor matching service,Tutor matching,Commercial,/student-registration,Existing page
tutor matching service for school students,Tutor matching,Commercial,/student-registration,Existing page
tutor matching service for better grades,Tutor matching,Commercial,/student-registration,Existing page
tutor matching service for exam preparation,Tutor matching,Commercial,/student-registration,Existing page
tutor matching service for homework support,Tutor matching,Commercial,/student-registration,Existing page
tutor matching service with flexible timings,Tutor matching,Commercial,/student-registration,Existing page
tutor matching service with demo class,Tutor matching,Commercial,/student-registration,Existing page
tutor matching service for personalised learning,Tutor matching,Commercial,/student-registration,Existing page
tutor matching service for concept clarity,Tutor matching,Commercial,/student-registration,Existing page
tutor matching service for regular revision,Tutor matching,Commercial,/student-registration,Existing page
tutor matching service for weak students,Tutor matching,Commercial,/student-registration,Existing page
tutor matching service for confident learning,Tutor matching,Commercial,/student-registration,Existing page
find the right tutor,Tutor matching,Commercial,/student-registration,Existing page
find the right tutor for school students,Tutor matching,Commercial,/student-registration,Existing page
find the right tutor for better grades,Tutor matching,Commercial,/student-registration,Existing page
find the right tutor for exam preparation,Tutor matching,Commercial,/student-registration,Existing page
find the right tutor for homework support,Tutor matching,Commercial,/student-registration,Existing page
find the right tutor with flexible timings,Tutor matching,Commercial,/student-registration,Existing page
find the right tutor with demo class,Tutor matching,Commercial,/student-registration,Existing page
find the right tutor for personalised learning,Tutor matching,Commercial,/student-registration,Existing page
find the right tutor for concept clarity,Tutor matching,Commercial,/student-registration,Existing page
find the right tutor for regular revision,Tutor matching,Commercial,/student-registration,Existing page
find the right tutor for weak students,Tutor matching,Commercial,/student-registration,Existing page
find the right tutor for confident learning,Tutor matching,Commercial,/student-registration,Existing page
personalised tutor matching,Tutor matching,Commercial,/student-registration,Existing page
personalised tutor matching for school students,Tutor matching,Commercial,/student-registration,Existing page
personalised tutor matching for better grades,Tutor matching,Commercial,/student-registration,Existing page
personalised tutor matching for exam preparation,Tutor matching,Commercial,/student-registration,Existing page
personalised tutor matching for homework support,Tutor matching,Commercial,/student-registration,Existing page
personalised tutor matching with flexible timings,Tutor matching,Commercial,/student-registration,Existing page
personalised tutor matching with demo class,Tutor matching,Commercial,/student-registration,Existing page
personalised tutor matching for personalised learning,Tutor matching,Commercial,/student-registration,Existing page
personalised tutor matching for concept clarity,Tutor matching,Commercial,/student-registration,Existing page
personalised tutor matching for regular revision,Tutor matching,Commercial,/student-registration,Existing page
personalised tutor matching for weak students,Tutor matching,Commercial,/student-registration,Existing page
personalised tutor matching for confident learning,Tutor matching,Commercial,/student-registration,Existing page
tutor selection help,Tutor matching,Commercial,/student-registration,Existing page
tutor selection help for school students,Tutor matching,Commercial,/student-registration,Existing page
tutor selection help for better grades,Tutor matching,Commercial,/student-registration,Existing page
tutor selection help for exam preparation,Tutor matching,Commercial,/student-registration,Existing page
tutor selection help for homework support,Tutor matching,Commercial,/student-registration,Existing page
tutor selection help with flexible timings,Tutor matching,Commercial,/student-registration,Existing page
tutor selection help with demo class,Tutor matching,Commercial,/student-registration,Existing page
tutor selection help for personalised learning,Tutor matching,Commercial,/student-registration,Existing page
tutor selection help for concept clarity,Tutor matching,Commercial,/student-registration,Existing page
tutor selection help for regular revision,Tutor matching,Commercial,/student-registration,Existing page
tutor selection help for weak students,Tutor matching,Commercial,/student-registration,Existing page
tutor selection help for confident learning,Tutor matching,Commercial,/student-registration,Existing page
maths tutor,Mathematics tuition,Commercial,/subjects/mathematics-tuition,Existing page
maths tutor near me,Mathematics tuition,Local commercial,/subjects/mathematics-tuition,Existing page
online maths tutor,Mathematics tuition,Commercial,/subjects/mathematics-tuition,Existing page
home tutor for maths,Mathematics tuition,Commercial,/subjects/mathematics-tuition,Existing page
private maths tutor,Mathematics tuition,Commercial,/subjects/mathematics-tuition,Existing page
maths tuition classes,Mathematics tuition,Commercial,/subjects/mathematics-tuition,Existing page
one-to-one maths tuition,Mathematics tuition,Commercial,/subjects/mathematics-tuition,Existing page
maths tuition for school students,Mathematics tuition,Commercial,/subjects/mathematics-tuition,Existing page
maths tutor for concept clarity,Mathematics tuition,Commercial,/subjects/mathematics-tuition,Existing page
maths exam preparation tutor,Mathematics tuition,Commercial,/subjects/mathematics-tuition,Existing page
best maths tutor for students,Mathematics tuition,Commercial,/subjects/mathematics-tuition,Existing page
affordable maths tuition,Mathematics tuition,Commercial,/subjects/mathematics-tuition,Existing page
science tutor,Science tuition,Commercial,/subjects/science-tuition,Existing page
science tutor near me,Science tuition,Local commercial,/subjects/science-tuition,Existing page
online science tutor,Science tuition,Commercial,/subjects/science-tuition,Existing page
home tutor for science,Science tuition,Commercial,/subjects/science-tuition,Existing page
private science tutor,Science tuition,Commercial,/subjects/science-tuition,Existing page
science tuition classes,Science tuition,Commercial,/subjects/science-tuition,Existing page
one-to-one science tuition,Science tuition,Commercial,/subjects/science-tuition,Existing page
science tuition for school students,Science tuition,Commercial,/subjects/science-tuition,Existing page
science tutor for concept clarity,Science tuition,Commercial,/subjects/science-tuition,Existing page
science exam preparation tutor,Science tuition,Commercial,/subjects/science-tuition,Existing page
best science tutor for students,Science tuition,Commercial,/subjects/science-tuition,Existing page
affordable science tuition,Science tuition,Commercial,/subjects/science-tuition,Existing page
physics tutor,Physics tuition,Commercial,/subjects/physics-tuition,Existing page
physics tutor near me,Physics tuition,Local commercial,/subjects/physics-tuition,Existing page
online physics tutor,Physics tuition,Commercial,/subjects/physics-tuition,Existing page
home tutor for physics,Physics tuition,Commercial,/subjects/physics-tuition,Existing page
private physics tutor,Physics tuition,Commercial,/subjects/physics-tuition,Existing page
physics tuition classes,Physics tuition,Commercial,/subjects/physics-tuition,Existing page
one-to-one physics tuition,Physics tuition,Commercial,/subjects/physics-tuition,Existing page
physics tuition for school students,Physics tuition,Commercial,/subjects/physics-tuition,Existing page
physics tutor for concept clarity,Physics tuition,Commercial,/subjects/physics-tuition,Existing page
physics exam preparation tutor,Physics tuition,Commercial,/subjects/physics-tuition,Existing page
best physics tutor for students,Physics tuition,Commercial,/subjects/physics-tuition,Existing page
affordable physics tuition,Physics tuition,Commercial,/subjects/physics-tuition,Existing page
chemistry tutor,Chemistry tuition,Commercial,/subjects/chemistry-tuition,Existing page
chemistry tutor near me,Chemistry tuition,Local commercial,/subjects/chemistry-tuition,Existing page
online chemistry tutor,Chemistry tuition,Commercial,/subjects/chemistry-tuition,Existing page
home tutor for chemistry,Chemistry tuition,Commercial,/subjects/chemistry-tuition,Existing page
private chemistry tutor,Chemistry tuition,Commercial,/subjects/chemistry-tuition,Existing page
chemistry tuition classes,Chemistry tuition,Commercial,/subjects/chemistry-tuition,Existing page
one-to-one chemistry tuition,Chemistry tuition,Commercial,/subjects/chemistry-tuition,Existing page
chemistry tuition for school students,Chemistry tuition,Commercial,/subjects/chemistry-tuition,Existing page
chemistry tutor for concept clarity,Chemistry tuition,Commercial,/subjects/chemistry-tuition,Existing page
chemistry exam preparation tutor,Chemistry tuition,Commercial,/subjects/chemistry-tuition,Existing page
best chemistry tutor for students,Chemistry tuition,Commercial,/subjects/chemistry-tuition,Existing page
affordable chemistry tuition,Chemistry tuition,Commercial,/subjects/chemistry-tuition,Existing page
biology tutor,Biology tuition,Commercial,/subjects/biology-tuition,Existing page
biology tutor near me,Biology tuition,Local commercial,/subjects/biology-tuition,Existing page
online biology tutor,Biology tuition,Commercial,/subjects/biology-tuition,Existing page
home tutor for biology,Biology tuition,Commercial,/subjects/biology-tuition,Existing page
private biology tutor,Biology tuition,Commercial,/subjects/biology-tuition,Existing page
biology tuition classes,Biology tuition,Commercial,/subjects/biology-tuition,Existing page
one-to-one biology tuition,Biology tuition,Commercial,/subjects/biology-tuition,Existing page
biology tuition for school students,Biology tuition,Commercial,/subjects/biology-tuition,Existing page
biology tutor for concept clarity,Biology tuition,Commercial,/subjects/biology-tuition,Existing page
biology exam preparation tutor,Biology tuition,Commercial,/subjects/biology-tuition,Existing page
best biology tutor for students,Biology tuition,Commercial,/subjects/biology-tuition,Existing page
affordable biology tuition,Biology tuition,Commercial,/subjects/biology-tuition,Existing page
english tutor,English tuition,Commercial,/subjects/english-tuition,Existing page
english tutor near me,English tuition,Local commercial,/subjects/english-tuition,Existing page
online english tutor,English tuition,Commercial,/subjects/english-tuition,Existing page
home tutor for english,English tuition,Commercial,/subjects/english-tuition,Existing page
private english tutor,English tuition,Commercial,/subjects/english-tuition,Existing page
english tuition classes,English tuition,Commercial,/subjects/english-tuition,Existing page
one-to-one english tuition,English tuition,Commercial,/subjects/english-tuition,Existing page
english tuition for school students,English tuition,Commercial,/subjects/english-tuition,Existing page
english tutor for concept clarity,English tuition,Commercial,/subjects/english-tuition,Existing page
english exam preparation tutor,English tuition,Commercial,/subjects/english-tuition,Existing page
best english tutor for students,English tuition,Commercial,/subjects/english-tuition,Existing page
affordable english tuition,English tuition,Commercial,/subjects/english-tuition,Existing page
hindi tutor,Hindi tuition,Commercial,/subjects/hindi-tuition,Existing page
hindi tutor near me,Hindi tuition,Local commercial,/subjects/hindi-tuition,Existing page
online hindi tutor,Hindi tuition,Commercial,/subjects/hindi-tuition,Existing page
home tutor for hindi,Hindi tuition,Commercial,/subjects/hindi-tuition,Existing page
private hindi tutor,Hindi tuition,Commercial,/subjects/hindi-tuition,Existing page
hindi tuition classes,Hindi tuition,Commercial,/subjects/hindi-tuition,Existing page
one-to-one hindi tuition,Hindi tuition,Commercial,/subjects/hindi-tuition,Existing page
hindi tuition for school students,Hindi tuition,Commercial,/subjects/hindi-tuition,Existing page
hindi tutor for concept clarity,Hindi tuition,Commercial,/subjects/hindi-tuition,Existing page
hindi exam preparation tutor,Hindi tuition,Commercial,/subjects/hindi-tuition,Existing page
best hindi tutor for students,Hindi tuition,Commercial,/subjects/hindi-tuition,Existing page
affordable hindi tuition,Hindi tuition,Commercial,/subjects/hindi-tuition,Existing page
social science tutor,Social Science tuition,Commercial,/subjects/social-science-tuition,Existing page
social science tutor near me,Social Science tuition,Local commercial,/subjects/social-science-tuition,Existing page
online social science tutor,Social Science tuition,Commercial,/subjects/social-science-tuition,Existing page
home tutor for social science,Social Science tuition,Commercial,/subjects/social-science-tuition,Existing page
private social science tutor,Social Science tuition,Commercial,/subjects/social-science-tuition,Existing page
social science tuition classes,Social Science tuition,Commercial,/subjects/social-science-tuition,Existing page
one-to-one social science tuition,Social Science tuition,Commercial,/subjects/social-science-tuition,Existing page
social science tuition for school students,Social Science tuition,Commercial,/subjects/social-science-tuition,Existing page
social science tutor for concept clarity,Social Science tuition,Commercial,/subjects/social-science-tuition,Existing page
social science exam preparation tutor,Social Science tuition,Commercial,/subjects/social-science-tuition,Existing page
best social science tutor for students,Social Science tuition,Commercial,/subjects/social-science-tuition,Existing page
affordable social science tuition,Social Science tuition,Commercial,/subjects/social-science-tuition,Existing page
computer science tutor,Computer Science tuition,Commercial,/subjects/computer-science-tuition,Existing page
computer science tutor near me,Computer Science tuition,Local commercial,/subjects/computer-science-tuition,Existing page
online computer science tutor,Computer Science tuition,Commercial,/subjects/computer-science-tuition,Existing page
home tutor for computer science,Computer Science tuition,Commercial,/subjects/computer-science-tuition,Existing page
private computer science tutor,Computer Science tuition,Commercial,/subjects/computer-science-tuition,Existing page
computer science tuition classes,Computer Science tuition,Commercial,/subjects/computer-science-tuition,Existing page
one-to-one computer science tuition,Computer Science tuition,Commercial,/subjects/computer-science-tuition,Existing page
computer science tuition for school students,Computer Science tuition,Commercial,/subjects/computer-science-tuition,Existing page
computer science tutor for concept clarity,Computer Science tuition,Commercial,/subjects/computer-science-tuition,Existing page
computer science exam preparation tutor,Computer Science tuition,Commercial,/subjects/computer-science-tuition,Existing page
best computer science tutor for students,Computer Science tuition,Commercial,/subjects/computer-science-tuition,Existing page
affordable computer science tuition,Computer Science tuition,Commercial,/subjects/computer-science-tuition,Existing page
coding tutor,Coding tuition,Commercial,/subjects/coding-for-kids,Existing page
coding tutor near me,Coding tuition,Local commercial,/subjects/coding-for-kids,Existing page
online coding tutor,Coding tuition,Commercial,/subjects/coding-for-kids,Existing page
home tutor for coding,Coding tuition,Commercial,/subjects/coding-for-kids,Existing page
private coding tutor,Coding tuition,Commercial,/subjects/coding-for-kids,Existing page
coding tuition classes,Coding tuition,Commercial,/subjects/coding-for-kids,Existing page
one-to-one coding tuition,Coding tuition,Commercial,/subjects/coding-for-kids,Existing page
coding tuition for school students,Coding tuition,Commercial,/subjects/coding-for-kids,Existing page
coding tutor for concept clarity,Coding tuition,Commercial,/subjects/coding-for-kids,Existing page
coding exam preparation tutor,Coding tuition,Commercial,/subjects/coding-for-kids,Existing page
best coding tutor for students,Coding tuition,Commercial,/subjects/coding-for-kids,Existing page
affordable coding tuition,Coding tuition,Commercial,/subjects/coding-for-kids,Existing page
accountancy tutor,Accountancy tuition,Commercial,/subjects/accountancy-tuition,Existing page
accountancy tutor near me,Accountancy tuition,Local commercial,/subjects/accountancy-tuition,Existing page
online accountancy tutor,Accountancy tuition,Commercial,/subjects/accountancy-tuition,Existing page
home tutor for accountancy,Accountancy tuition,Commercial,/subjects/accountancy-tuition,Existing page
private accountancy tutor,Accountancy tuition,Commercial,/subjects/accountancy-tuition,Existing page
accountancy tuition classes,Accountancy tuition,Commercial,/subjects/accountancy-tuition,Existing page
one-to-one accountancy tuition,Accountancy tuition,Commercial,/subjects/accountancy-tuition,Existing page
accountancy tuition for school students,Accountancy tuition,Commercial,/subjects/accountancy-tuition,Existing page
accountancy tutor for concept clarity,Accountancy tuition,Commercial,/subjects/accountancy-tuition,Existing page
accountancy exam preparation tutor,Accountancy tuition,Commercial,/subjects/accountancy-tuition,Existing page
best accountancy tutor for students,Accountancy tuition,Commercial,/subjects/accountancy-tuition,Existing page
affordable accountancy tuition,Accountancy tuition,Commercial,/subjects/accountancy-tuition,Existing page
economics tutor,Economics tuition,Commercial,/subjects/economics-tuition,Existing page
economics tutor near me,Economics tuition,Local commercial,/subjects/economics-tuition,Existing page
online economics tutor,Economics tuition,Commercial,/subjects/economics-tuition,Existing page
home tutor for economics,Economics tuition,Commercial,/subjects/economics-tuition,Existing page
private economics tutor,Economics tuition,Commercial,/subjects/economics-tuition,Existing page
economics tuition classes,Economics tuition,Commercial,/subjects/economics-tuition,Existing page
one-to-one economics tuition,Economics tuition,Commercial,/subjects/economics-tuition,Existing page
economics tuition for school students,Economics tuition,Commercial,/subjects/economics-tuition,Existing page
economics tutor for concept clarity,Economics tuition,Commercial,/subjects/economics-tuition,Existing page
economics exam preparation tutor,Economics tuition,Commercial,/subjects/economics-tuition,Existing page
best economics tutor for students,Economics tuition,Commercial,/subjects/economics-tuition,Existing page
affordable economics tuition,Economics tuition,Commercial,/subjects/economics-tuition,Existing page
business studies tutor,Business Studies tuition,Commercial,/subjects/business-studies-tuition,Existing page
business studies tutor near me,Business Studies tuition,Local commercial,/subjects/business-studies-tuition,Existing page
online business studies tutor,Business Studies tuition,Commercial,/subjects/business-studies-tuition,Existing page
home tutor for business studies,Business Studies tuition,Commercial,/subjects/business-studies-tuition,Existing page
private business studies tutor,Business Studies tuition,Commercial,/subjects/business-studies-tuition,Existing page
business studies tuition classes,Business Studies tuition,Commercial,/subjects/business-studies-tuition,Existing page
one-to-one business studies tuition,Business Studies tuition,Commercial,/subjects/business-studies-tuition,Existing page
business studies tuition for school students,Business Studies tuition,Commercial,/subjects/business-studies-tuition,Existing page
business studies tutor for concept clarity,Business Studies tuition,Commercial,/subjects/business-studies-tuition,Existing page
business studies exam preparation tutor,Business Studies tuition,Commercial,/subjects/business-studies-tuition,Existing page
best business studies tutor for students,Business Studies tuition,Commercial,/subjects/business-studies-tuition,Existing page
affordable business studies tuition,Business Studies tuition,Commercial,/subjects/business-studies-tuition,Existing page
home tuition for class 1,Primary school,Commercial,/classes/class-1-to-5-tuition,Existing page
home tutor for class 1,Primary school,Commercial,/classes/class-1-to-5-tuition,Existing page
online tuition for class 1,Primary school,Commercial,/classes/class-1-to-5-tuition,Existing page
private tutor for class 1,Primary school,Commercial,/classes/class-1-to-5-tuition,Existing page
class 1 tutor near me,Primary school,Local commercial,/classes/class-1-to-5-tuition,Existing page
one-to-one tuition for class 1,Primary school,Commercial,/classes/class-1-to-5-tuition,Existing page
class 1 maths tutor,Primary school,Commercial,/classes/class-1-to-5-tuition,Existing page
class 1 science tutor,Primary school,Commercial,/classes/class-1-to-5-tuition,Existing page
class 1 english tutor,Primary school,Commercial,/classes/class-1-to-5-tuition,Existing page
best tutor for class 1,Primary school,Commercial,/classes/class-1-to-5-tuition,Existing page
affordable tuition for class 1,Primary school,Commercial,/classes/class-1-to-5-tuition,Existing page
exam preparation for class 1,Primary school,Informational,/classes/class-1-to-5-tuition,Existing page
home tuition for class 2,Primary school,Commercial,/classes/class-1-to-5-tuition,Existing page
home tutor for class 2,Primary school,Commercial,/classes/class-1-to-5-tuition,Existing page
online tuition for class 2,Primary school,Commercial,/classes/class-1-to-5-tuition,Existing page
private tutor for class 2,Primary school,Commercial,/classes/class-1-to-5-tuition,Existing page
class 2 tutor near me,Primary school,Local commercial,/classes/class-1-to-5-tuition,Existing page
one-to-one tuition for class 2,Primary school,Commercial,/classes/class-1-to-5-tuition,Existing page
class 2 maths tutor,Primary school,Commercial,/classes/class-1-to-5-tuition,Existing page
class 2 science tutor,Primary school,Commercial,/classes/class-1-to-5-tuition,Existing page
class 2 english tutor,Primary school,Commercial,/classes/class-1-to-5-tuition,Existing page
best tutor for class 2,Primary school,Commercial,/classes/class-1-to-5-tuition,Existing page
affordable tuition for class 2,Primary school,Commercial,/classes/class-1-to-5-tuition,Existing page
exam preparation for class 2,Primary school,Informational,/classes/class-1-to-5-tuition,Existing page
home tuition for class 3,Primary school,Commercial,/classes/class-1-to-5-tuition,Existing page
home tutor for class 3,Primary school,Commercial,/classes/class-1-to-5-tuition,Existing page
online tuition for class 3,Primary school,Commercial,/classes/class-1-to-5-tuition,Existing page
private tutor for class 3,Primary school,Commercial,/classes/class-1-to-5-tuition,Existing page
class 3 tutor near me,Primary school,Local commercial,/classes/class-1-to-5-tuition,Existing page
one-to-one tuition for class 3,Primary school,Commercial,/classes/class-1-to-5-tuition,Existing page
class 3 maths tutor,Primary school,Commercial,/classes/class-1-to-5-tuition,Existing page
class 3 science tutor,Primary school,Commercial,/classes/class-1-to-5-tuition,Existing page
class 3 english tutor,Primary school,Commercial,/classes/class-1-to-5-tuition,Existing page
best tutor for class 3,Primary school,Commercial,/classes/class-1-to-5-tuition,Existing page
affordable tuition for class 3,Primary school,Commercial,/classes/class-1-to-5-tuition,Existing page
exam preparation for class 3,Primary school,Informational,/classes/class-1-to-5-tuition,Existing page
home tuition for class 4,Primary school,Commercial,/classes/class-1-to-5-tuition,Existing page
home tutor for class 4,Primary school,Commercial,/classes/class-1-to-5-tuition,Existing page
online tuition for class 4,Primary school,Commercial,/classes/class-1-to-5-tuition,Existing page
private tutor for class 4,Primary school,Commercial,/classes/class-1-to-5-tuition,Existing page
class 4 tutor near me,Primary school,Local commercial,/classes/class-1-to-5-tuition,Existing page
one-to-one tuition for class 4,Primary school,Commercial,/classes/class-1-to-5-tuition,Existing page
class 4 maths tutor,Primary school,Commercial,/classes/class-1-to-5-tuition,Existing page
class 4 science tutor,Primary school,Commercial,/classes/class-1-to-5-tuition,Existing page
class 4 english tutor,Primary school,Commercial,/classes/class-1-to-5-tuition,Existing page
best tutor for class 4,Primary school,Commercial,/classes/class-1-to-5-tuition,Existing page
affordable tuition for class 4,Primary school,Commercial,/classes/class-1-to-5-tuition,Existing page
exam preparation for class 4,Primary school,Informational,/classes/class-1-to-5-tuition,Existing page
home tuition for class 5,Primary school,Commercial,/classes/class-1-to-5-tuition,Existing page
home tutor for class 5,Primary school,Commercial,/classes/class-1-to-5-tuition,Existing page
online tuition for class 5,Primary school,Commercial,/classes/class-1-to-5-tuition,Existing page
private tutor for class 5,Primary school,Commercial,/classes/class-1-to-5-tuition,Existing page
class 5 tutor near me,Primary school,Local commercial,/classes/class-1-to-5-tuition,Existing page
one-to-one tuition for class 5,Primary school,Commercial,/classes/class-1-to-5-tuition,Existing page
class 5 maths tutor,Primary school,Commercial,/classes/class-1-to-5-tuition,Existing page
class 5 science tutor,Primary school,Commercial,/classes/class-1-to-5-tuition,Existing page
class 5 english tutor,Primary school,Commercial,/classes/class-1-to-5-tuition,Existing page
best tutor for class 5,Primary school,Commercial,/classes/class-1-to-5-tuition,Existing page
affordable tuition for class 5,Primary school,Commercial,/classes/class-1-to-5-tuition,Existing page
exam preparation for class 5,Primary school,Informational,/classes/class-1-to-5-tuition,Existing page
home tuition for class 6,Middle school,Commercial,/classes/class-6-to-8-tuition,Existing page
home tutor for class 6,Middle school,Commercial,/classes/class-6-to-8-tuition,Existing page
online tuition for class 6,Middle school,Commercial,/classes/class-6-to-8-tuition,Existing page
private tutor for class 6,Middle school,Commercial,/classes/class-6-to-8-tuition,Existing page
class 6 tutor near me,Middle school,Local commercial,/classes/class-6-to-8-tuition,Existing page
one-to-one tuition for class 6,Middle school,Commercial,/classes/class-6-to-8-tuition,Existing page
class 6 maths tutor,Middle school,Commercial,/classes/class-6-to-8-tuition,Existing page
class 6 science tutor,Middle school,Commercial,/classes/class-6-to-8-tuition,Existing page
class 6 english tutor,Middle school,Commercial,/classes/class-6-to-8-tuition,Existing page
best tutor for class 6,Middle school,Commercial,/classes/class-6-to-8-tuition,Existing page
affordable tuition for class 6,Middle school,Commercial,/classes/class-6-to-8-tuition,Existing page
exam preparation for class 6,Middle school,Informational,/classes/class-6-to-8-tuition,Existing page
home tuition for class 7,Middle school,Commercial,/classes/class-6-to-8-tuition,Existing page
home tutor for class 7,Middle school,Commercial,/classes/class-6-to-8-tuition,Existing page
online tuition for class 7,Middle school,Commercial,/classes/class-6-to-8-tuition,Existing page
private tutor for class 7,Middle school,Commercial,/classes/class-6-to-8-tuition,Existing page
class 7 tutor near me,Middle school,Local commercial,/classes/class-6-to-8-tuition,Existing page
one-to-one tuition for class 7,Middle school,Commercial,/classes/class-6-to-8-tuition,Existing page
class 7 maths tutor,Middle school,Commercial,/classes/class-6-to-8-tuition,Existing page
class 7 science tutor,Middle school,Commercial,/classes/class-6-to-8-tuition,Existing page
class 7 english tutor,Middle school,Commercial,/classes/class-6-to-8-tuition,Existing page
best tutor for class 7,Middle school,Commercial,/classes/class-6-to-8-tuition,Existing page
affordable tuition for class 7,Middle school,Commercial,/classes/class-6-to-8-tuition,Existing page
exam preparation for class 7,Middle school,Informational,/classes/class-6-to-8-tuition,Existing page
home tuition for class 8,Middle school,Commercial,/classes/class-6-to-8-tuition,Existing page
home tutor for class 8,Middle school,Commercial,/classes/class-6-to-8-tuition,Existing page
online tuition for class 8,Middle school,Commercial,/classes/class-6-to-8-tuition,Existing page
private tutor for class 8,Middle school,Commercial,/classes/class-6-to-8-tuition,Existing page
class 8 tutor near me,Middle school,Local commercial,/classes/class-6-to-8-tuition,Existing page
one-to-one tuition for class 8,Middle school,Commercial,/classes/class-6-to-8-tuition,Existing page
class 8 maths tutor,Middle school,Commercial,/classes/class-6-to-8-tuition,Existing page
class 8 science tutor,Middle school,Commercial,/classes/class-6-to-8-tuition,Existing page
class 8 english tutor,Middle school,Commercial,/classes/class-6-to-8-tuition,Existing page
best tutor for class 8,Middle school,Commercial,/classes/class-6-to-8-tuition,Existing page
affordable tuition for class 8,Middle school,Commercial,/classes/class-6-to-8-tuition,Existing page
exam preparation for class 8,Middle school,Informational,/classes/class-6-to-8-tuition,Existing page
home tuition for class 9,Secondary school,Commercial,/classes/class-9-tuition,Existing page
home tutor for class 9,Secondary school,Commercial,/classes/class-9-tuition,Existing page
online tuition for class 9,Secondary school,Commercial,/classes/class-9-tuition,Existing page
private tutor for class 9,Secondary school,Commercial,/classes/class-9-tuition,Existing page
class 9 tutor near me,Secondary school,Local commercial,/classes/class-9-tuition,Existing page
one-to-one tuition for class 9,Secondary school,Commercial,/classes/class-9-tuition,Existing page
class 9 maths tutor,Secondary school,Commercial,/classes/class-9-tuition,Existing page
class 9 science tutor,Secondary school,Commercial,/classes/class-9-tuition,Existing page
class 9 english tutor,Secondary school,Commercial,/classes/class-9-tuition,Existing page
best tutor for class 9,Secondary school,Commercial,/classes/class-9-tuition,Existing page
affordable tuition for class 9,Secondary school,Commercial,/classes/class-9-tuition,Existing page
exam preparation for class 9,Secondary school,Informational,/classes/class-9-tuition,Existing page
home tuition for class 10,Secondary school,Commercial,/classes/class-10-tuition,Existing page
home tutor for class 10,Secondary school,Commercial,/classes/class-10-tuition,Existing page
online tuition for class 10,Secondary school,Commercial,/classes/class-10-tuition,Existing page
private tutor for class 10,Secondary school,Commercial,/classes/class-10-tuition,Existing page
class 10 tutor near me,Secondary school,Local commercial,/classes/class-10-tuition,Existing page
one-to-one tuition for class 10,Secondary school,Commercial,/classes/class-10-tuition,Existing page
class 10 maths tutor,Secondary school,Commercial,/classes/class-10-tuition,Existing page
class 10 science tutor,Secondary school,Commercial,/classes/class-10-tuition,Existing page
class 10 english tutor,Secondary school,Commercial,/classes/class-10-tuition,Existing page
best tutor for class 10,Secondary school,Commercial,/classes/class-10-tuition,Existing page
affordable tuition for class 10,Secondary school,Commercial,/classes/class-10-tuition,Existing page
exam preparation for class 10,Secondary school,Informational,/classes/class-10-tuition,Existing page
home tuition for class 11,Senior secondary,Commercial,/classes/class-11-tuition,Existing page
home tutor for class 11,Senior secondary,Commercial,/classes/class-11-tuition,Existing page
online tuition for class 11,Senior secondary,Commercial,/classes/class-11-tuition,Existing page
private tutor for class 11,Senior secondary,Commercial,/classes/class-11-tuition,Existing page
class 11 tutor near me,Senior secondary,Local commercial,/classes/class-11-tuition,Existing page
one-to-one tuition for class 11,Senior secondary,Commercial,/classes/class-11-tuition,Existing page
class 11 maths tutor,Senior secondary,Commercial,/classes/class-11-tuition,Existing page
class 11 science tutor,Senior secondary,Commercial,/classes/class-11-tuition,Existing page
class 11 english tutor,Senior secondary,Commercial,/classes/class-11-tuition,Existing page
best tutor for class 11,Senior secondary,Commercial,/classes/class-11-tuition,Existing page
affordable tuition for class 11,Senior secondary,Commercial,/classes/class-11-tuition,Existing page
exam preparation for class 11,Senior secondary,Informational,/classes/class-11-tuition,Existing page
home tuition for class 12,Senior secondary,Commercial,/classes/class-12-tuition,Existing page
home tutor for class 12,Senior secondary,Commercial,/classes/class-12-tuition,Existing page
online tuition for class 12,Senior secondary,Commercial,/classes/class-12-tuition,Existing page
private tutor for class 12,Senior secondary,Commercial,/classes/class-12-tuition,Existing page
class 12 tutor near me,Senior secondary,Local commercial,/classes/class-12-tuition,Existing page
one-to-one tuition for class 12,Senior secondary,Commercial,/classes/class-12-tuition,Existing page
class 12 maths tutor,Senior secondary,Commercial,/classes/class-12-tuition,Existing page
class 12 science tutor,Senior secondary,Commercial,/classes/class-12-tuition,Existing page
class 12 english tutor,Senior secondary,Commercial,/classes/class-12-tuition,Existing page
best tutor for class 12,Senior secondary,Commercial,/classes/class-12-tuition,Existing page
affordable tuition for class 12,Senior secondary,Commercial,/classes/class-12-tuition,Existing page
exam preparation for class 12,Senior secondary,Informational,/classes/class-12-tuition,Existing page
cbse home tutor,CBSE tuition,Commercial,/boards/cbse-tuition,Existing page
cbse home tutor near me,CBSE tuition,Local commercial,/boards/cbse-tuition,Existing page
cbse online tuition,CBSE tuition,Commercial,/boards/cbse-tuition,Existing page
cbse private tutor,CBSE tuition,Commercial,/boards/cbse-tuition,Existing page
cbse tuition for class 10,CBSE tuition,Commercial,/boards/cbse-tuition,Existing page
cbse tuition for class 12,CBSE tuition,Commercial,/boards/cbse-tuition,Existing page
cbse maths tutor,CBSE tuition,Commercial,/boards/cbse-tuition,Existing page
cbse science tutor,CBSE tuition,Commercial,/boards/cbse-tuition,Existing page
cbse english tutor,CBSE tuition,Commercial,/boards/cbse-tuition,Existing page
cbse board exam preparation,CBSE tuition,Informational,/boards/cbse-tuition,Existing page
best tutor for cbse students,CBSE tuition,Commercial,/boards/cbse-tuition,Existing page
one-to-one tuition for cbse,CBSE tuition,Commercial,/boards/cbse-tuition,Existing page
icse home tutor,ICSE tuition,Commercial,/boards/icse-tuition,Existing page
icse home tutor near me,ICSE tuition,Local commercial,/boards/icse-tuition,Existing page
icse online tuition,ICSE tuition,Commercial,/boards/icse-tuition,Existing page
icse private tutor,ICSE tuition,Commercial,/boards/icse-tuition,Existing page
icse tuition for class 10,ICSE tuition,Commercial,/boards/icse-tuition,Existing page
icse tuition for class 12,ICSE tuition,Commercial,/boards/icse-tuition,Existing page
icse maths tutor,ICSE tuition,Commercial,/boards/icse-tuition,Existing page
icse science tutor,ICSE tuition,Commercial,/boards/icse-tuition,Existing page
icse english tutor,ICSE tuition,Commercial,/boards/icse-tuition,Existing page
icse board exam preparation,ICSE tuition,Informational,/boards/icse-tuition,Existing page
best tutor for icse students,ICSE tuition,Commercial,/boards/icse-tuition,Existing page
one-to-one tuition for icse,ICSE tuition,Commercial,/boards/icse-tuition,Existing page
state board home tutor,State boards tuition,Commercial,/boards/state-board-tuition,Existing page
state board home tutor near me,State boards tuition,Local commercial,/boards/state-board-tuition,Existing page
state board online tuition,State boards tuition,Commercial,/boards/state-board-tuition,Existing page
state board private tutor,State boards tuition,Commercial,/boards/state-board-tuition,Existing page
state board tuition for class 10,State boards tuition,Commercial,/boards/state-board-tuition,Existing page
state board tuition for class 12,State boards tuition,Commercial,/boards/state-board-tuition,Existing page
state board maths tutor,State boards tuition,Commercial,/boards/state-board-tuition,Existing page
state board science tutor,State boards tuition,Commercial,/boards/state-board-tuition,Existing page
state board english tutor,State boards tuition,Commercial,/boards/state-board-tuition,Existing page
state board board exam preparation,State boards tuition,Informational,/boards/state-board-tuition,Existing page
best tutor for state board students,State boards tuition,Commercial,/boards/state-board-tuition,Existing page
one-to-one tuition for state board,State boards tuition,Commercial,/boards/state-board-tuition,Existing page
igcse home tutor,IGCSE tuition,Commercial,/boards,Existing page
igcse home tutor near me,IGCSE tuition,Local commercial,/boards,Existing page
igcse online tuition,IGCSE tuition,Commercial,/boards,Existing page
igcse private tutor,IGCSE tuition,Commercial,/boards,Existing page
igcse tuition for class 10,IGCSE tuition,Commercial,/boards,Existing page
igcse tuition for class 12,IGCSE tuition,Commercial,/boards,Existing page
igcse maths tutor,IGCSE tuition,Commercial,/boards,Existing page
igcse science tutor,IGCSE tuition,Commercial,/boards,Existing page
igcse english tutor,IGCSE tuition,Commercial,/boards,Existing page
igcse board exam preparation,IGCSE tuition,Informational,/boards,Existing page
best tutor for igcse students,IGCSE tuition,Commercial,/boards,Existing page
one-to-one tuition for igcse,IGCSE tuition,Commercial,/boards,Existing page
ib board home tutor,IB tuition,Commercial,/boards,Existing page
ib board home tutor near me,IB tuition,Local commercial,/boards,Existing page
ib board online tuition,IB tuition,Commercial,/boards,Existing page
ib board private tutor,IB tuition,Commercial,/boards,Existing page
ib board tuition for class 10,IB tuition,Commercial,/boards,Existing page
ib board tuition for class 12,IB tuition,Commercial,/boards,Existing page
ib board maths tutor,IB tuition,Commercial,/boards,Existing page
ib board science tutor,IB tuition,Commercial,/boards,Existing page
ib board english tutor,IB tuition,Commercial,/boards,Existing page
ib board board exam preparation,IB tuition,Informational,/boards,Existing page
best tutor for ib board students,IB tuition,Commercial,/boards,Existing page
one-to-one tuition for ib board,IB tuition,Commercial,/boards,Existing page
nios home tutor,NIOS tuition,Commercial,/boards,Existing page
nios home tutor near me,NIOS tuition,Local commercial,/boards,Existing page
nios online tuition,NIOS tuition,Commercial,/boards,Existing page
nios private tutor,NIOS tuition,Commercial,/boards,Existing page
nios tuition for class 10,NIOS tuition,Commercial,/boards,Existing page
nios tuition for class 12,NIOS tuition,Commercial,/boards,Existing page
nios maths tutor,NIOS tuition,Commercial,/boards,Existing page
nios science tutor,NIOS tuition,Commercial,/boards,Existing page
nios english tutor,NIOS tuition,Commercial,/boards,Existing page
nios board exam preparation,NIOS tuition,Informational,/boards,Existing page
best tutor for nios students,NIOS tuition,Commercial,/boards,Existing page
one-to-one tuition for nios,NIOS tuition,Commercial,/boards,Existing page
jee tutor,JEE,Commercial,/competitive-exams/jee-foundation,Existing page
jee tutor near me,JEE,Local commercial,/competitive-exams/jee-foundation,Existing page
online jee preparation,JEE,Commercial,/competitive-exams/jee-foundation,Existing page
home tuition for jee,JEE,Commercial,/competitive-exams/jee-foundation,Existing page
private tutor for jee,JEE,Commercial,/competitive-exams/jee-foundation,Existing page
jee foundation classes,JEE,Commercial,/competitive-exams/jee-foundation,Existing page
one-to-one jee coaching,JEE,Commercial,/competitive-exams/jee-foundation,Existing page
jee study plan,JEE,Informational,/competitive-exams/jee-foundation,Existing page
jee revision strategy,JEE,Informational,/competitive-exams/jee-foundation,Existing page
best tutor for jee,JEE,Commercial,/competitive-exams/jee-foundation,Existing page
jee preparation for school students,JEE,Commercial,/competitive-exams/jee-foundation,Existing page
jee mock test support,JEE,Commercial,/competitive-exams/jee-foundation,Existing page
neet tutor,NEET,Commercial,/competitive-exams/neet-foundation,Existing page
neet tutor near me,NEET,Local commercial,/competitive-exams/neet-foundation,Existing page
online neet preparation,NEET,Commercial,/competitive-exams/neet-foundation,Existing page
home tuition for neet,NEET,Commercial,/competitive-exams/neet-foundation,Existing page
private tutor for neet,NEET,Commercial,/competitive-exams/neet-foundation,Existing page
neet foundation classes,NEET,Commercial,/competitive-exams/neet-foundation,Existing page
one-to-one neet coaching,NEET,Commercial,/competitive-exams/neet-foundation,Existing page
neet study plan,NEET,Informational,/competitive-exams/neet-foundation,Existing page
neet revision strategy,NEET,Informational,/competitive-exams/neet-foundation,Existing page
best tutor for neet,NEET,Commercial,/competitive-exams/neet-foundation,Existing page
neet preparation for school students,NEET,Commercial,/competitive-exams/neet-foundation,Existing page
neet mock test support,NEET,Commercial,/competitive-exams/neet-foundation,Existing page
cuet tutor,CUET,Commercial,/competitive-exams/cuet-preparation,Existing page
cuet tutor near me,CUET,Local commercial,/competitive-exams/cuet-preparation,Existing page
online cuet preparation,CUET,Commercial,/competitive-exams/cuet-preparation,Existing page
home tuition for cuet,CUET,Commercial,/competitive-exams/cuet-preparation,Existing page
private tutor for cuet,CUET,Commercial,/competitive-exams/cuet-preparation,Existing page
cuet foundation classes,CUET,Commercial,/competitive-exams/cuet-preparation,Existing page
one-to-one cuet coaching,CUET,Commercial,/competitive-exams/cuet-preparation,Existing page
cuet study plan,CUET,Informational,/competitive-exams/cuet-preparation,Existing page
cuet revision strategy,CUET,Informational,/competitive-exams/cuet-preparation,Existing page
best tutor for cuet,CUET,Commercial,/competitive-exams/cuet-preparation,Existing page
cuet preparation for school students,CUET,Commercial,/competitive-exams/cuet-preparation,Existing page
cuet mock test support,CUET,Commercial,/competitive-exams/cuet-preparation,Existing page
olympiad tutor,Olympiad preparation,Commercial,/competitive-exams/olympiad-preparation,Existing page
olympiad tutor near me,Olympiad preparation,Local commercial,/competitive-exams/olympiad-preparation,Existing page
online olympiad preparation,Olympiad preparation,Commercial,/competitive-exams/olympiad-preparation,Existing page
home tuition for olympiad,Olympiad preparation,Commercial,/competitive-exams/olympiad-preparation,Existing page
private tutor for olympiad,Olympiad preparation,Commercial,/competitive-exams/olympiad-preparation,Existing page
olympiad foundation classes,Olympiad preparation,Commercial,/competitive-exams/olympiad-preparation,Existing page
one-to-one olympiad coaching,Olympiad preparation,Commercial,/competitive-exams/olympiad-preparation,Existing page
olympiad study plan,Olympiad preparation,Informational,/competitive-exams/olympiad-preparation,Existing page
olympiad revision strategy,Olympiad preparation,Informational,/competitive-exams/olympiad-preparation,Existing page
best tutor for olympiad,Olympiad preparation,Commercial,/competitive-exams/olympiad-preparation,Existing page
olympiad preparation for school students,Olympiad preparation,Commercial,/competitive-exams/olympiad-preparation,Existing page
olympiad mock test support,Olympiad preparation,Commercial,/competitive-exams/olympiad-preparation,Existing page
class 10 board exam tutor,Board exam preparation,Commercial,/boards/class-10-board-tuition,Existing page
class 10 board exam tutor near me,Board exam preparation,Local commercial,/boards/class-10-board-tuition,Existing page
online class 10 board exam preparation,Board exam preparation,Commercial,/boards/class-10-board-tuition,Existing page
home tuition for class 10 board exam,Board exam preparation,Commercial,/boards/class-10-board-tuition,Existing page
private tutor for class 10 board exam,Board exam preparation,Commercial,/boards/class-10-board-tuition,Existing page
class 10 board exam foundation classes,Board exam preparation,Commercial,/boards/class-10-board-tuition,Existing page
one-to-one class 10 board exam coaching,Board exam preparation,Commercial,/boards/class-10-board-tuition,Existing page
class 10 board exam study plan,Board exam preparation,Informational,/boards/class-10-board-tuition,Existing page
class 10 board exam revision strategy,Board exam preparation,Informational,/boards/class-10-board-tuition,Existing page
best tutor for class 10 board exam,Board exam preparation,Commercial,/boards/class-10-board-tuition,Existing page
class 10 board exam preparation for school students,Board exam preparation,Commercial,/boards/class-10-board-tuition,Existing page
class 10 board exam mock test support,Board exam preparation,Commercial,/boards/class-10-board-tuition,Existing page
class 12 board exam tutor,Board exam preparation,Commercial,/boards/class-12-board-tuition,Existing page
class 12 board exam tutor near me,Board exam preparation,Local commercial,/boards/class-12-board-tuition,Existing page
online class 12 board exam preparation,Board exam preparation,Commercial,/boards/class-12-board-tuition,Existing page
home tuition for class 12 board exam,Board exam preparation,Commercial,/boards/class-12-board-tuition,Existing page
private tutor for class 12 board exam,Board exam preparation,Commercial,/boards/class-12-board-tuition,Existing page
class 12 board exam foundation classes,Board exam preparation,Commercial,/boards/class-12-board-tuition,Existing page
one-to-one class 12 board exam coaching,Board exam preparation,Commercial,/boards/class-12-board-tuition,Existing page
class 12 board exam study plan,Board exam preparation,Informational,/boards/class-12-board-tuition,Existing page
class 12 board exam revision strategy,Board exam preparation,Informational,/boards/class-12-board-tuition,Existing page
best tutor for class 12 board exam,Board exam preparation,Commercial,/boards/class-12-board-tuition,Existing page
class 12 board exam preparation for school students,Board exam preparation,Commercial,/boards/class-12-board-tuition,Existing page
class 12 board exam mock test support,Board exam preparation,Commercial,/boards/class-12-board-tuition,Existing page
home tuition in delhi,Delhi location,Local commercial,/cities/delhi,Existing page
home tutor in delhi,Delhi location,Local commercial,/cities/delhi,Existing page
private tutor in delhi,Delhi location,Local commercial,/cities/delhi,Existing page
tutor near me in delhi,Delhi location,Local commercial,/cities/delhi,Existing page
online tuition in delhi,Delhi location,Local commercial,/cities/delhi,Existing page
one-to-one tuition in delhi,Delhi location,Local commercial,/cities/delhi,Existing page
maths tutor in delhi,Delhi location,Local commercial,/cities/delhi,Existing page
science tutor in delhi,Delhi location,Local commercial,/cities/delhi,Existing page
cbse tutor in delhi,Delhi location,Local commercial,/cities/delhi,Existing page
class 10 tutor in delhi,Delhi location,Local commercial,/cities/delhi,Existing page
verified tutors in delhi,Delhi location,Local commercial,/cities/delhi,Existing page
home tuition fees in delhi,Delhi location,Local informational,/cities/delhi,Existing page
home tuition in south delhi,South Delhi location,Local commercial,/cities/delhi/south-delhi-home-tuition,Existing page
home tutor in south delhi,South Delhi location,Local commercial,/cities/delhi/south-delhi-home-tuition,Existing page
private tutor in south delhi,South Delhi location,Local commercial,/cities/delhi/south-delhi-home-tuition,Existing page
tutor near me in south delhi,South Delhi location,Local commercial,/cities/delhi/south-delhi-home-tuition,Existing page
online tuition in south delhi,South Delhi location,Local commercial,/cities/delhi/south-delhi-home-tuition,Existing page
one-to-one tuition in south delhi,South Delhi location,Local commercial,/cities/delhi/south-delhi-home-tuition,Existing page
maths tutor in south delhi,South Delhi location,Local commercial,/cities/delhi/south-delhi-home-tuition,Existing page
science tutor in south delhi,South Delhi location,Local commercial,/cities/delhi/south-delhi-home-tuition,Existing page
cbse tutor in south delhi,South Delhi location,Local commercial,/cities/delhi/south-delhi-home-tuition,Existing page
class 10 tutor in south delhi,South Delhi location,Local commercial,/cities/delhi/south-delhi-home-tuition,Existing page
verified tutors in south delhi,South Delhi location,Local commercial,/cities/delhi/south-delhi-home-tuition,Existing page
home tuition fees in south delhi,South Delhi location,Local informational,/cities/delhi/south-delhi-home-tuition,Existing page
home tuition in dwarka,Dwarka location,Local commercial,/cities/delhi/dwarka-home-tuition,Existing page
home tutor in dwarka,Dwarka location,Local commercial,/cities/delhi/dwarka-home-tuition,Existing page
private tutor in dwarka,Dwarka location,Local commercial,/cities/delhi/dwarka-home-tuition,Existing page
tutor near me in dwarka,Dwarka location,Local commercial,/cities/delhi/dwarka-home-tuition,Existing page
online tuition in dwarka,Dwarka location,Local commercial,/cities/delhi/dwarka-home-tuition,Existing page
one-to-one tuition in dwarka,Dwarka location,Local commercial,/cities/delhi/dwarka-home-tuition,Existing page
maths tutor in dwarka,Dwarka location,Local commercial,/cities/delhi/dwarka-home-tuition,Existing page
science tutor in dwarka,Dwarka location,Local commercial,/cities/delhi/dwarka-home-tuition,Existing page
cbse tutor in dwarka,Dwarka location,Local commercial,/cities/delhi/dwarka-home-tuition,Existing page
class 10 tutor in dwarka,Dwarka location,Local commercial,/cities/delhi/dwarka-home-tuition,Existing page
verified tutors in dwarka,Dwarka location,Local commercial,/cities/delhi/dwarka-home-tuition,Existing page
home tuition fees in dwarka,Dwarka location,Local informational,/cities/delhi/dwarka-home-tuition,Existing page
home tuition in rohini,Rohini location,Local commercial,/cities/delhi/rohini-home-tuition,Existing page
home tutor in rohini,Rohini location,Local commercial,/cities/delhi/rohini-home-tuition,Existing page
private tutor in rohini,Rohini location,Local commercial,/cities/delhi/rohini-home-tuition,Existing page
tutor near me in rohini,Rohini location,Local commercial,/cities/delhi/rohini-home-tuition,Existing page
online tuition in rohini,Rohini location,Local commercial,/cities/delhi/rohini-home-tuition,Existing page
one-to-one tuition in rohini,Rohini location,Local commercial,/cities/delhi/rohini-home-tuition,Existing page
maths tutor in rohini,Rohini location,Local commercial,/cities/delhi/rohini-home-tuition,Existing page
science tutor in rohini,Rohini location,Local commercial,/cities/delhi/rohini-home-tuition,Existing page
cbse tutor in rohini,Rohini location,Local commercial,/cities/delhi/rohini-home-tuition,Existing page
class 10 tutor in rohini,Rohini location,Local commercial,/cities/delhi/rohini-home-tuition,Existing page
verified tutors in rohini,Rohini location,Local commercial,/cities/delhi/rohini-home-tuition,Existing page
home tuition fees in rohini,Rohini location,Local informational,/cities/delhi/rohini-home-tuition,Existing page
home tuition in connaught place,Connaught Place location,Local commercial,/cities/delhi/connaught-place-home-tuition,Existing page
home tutor in connaught place,Connaught Place location,Local commercial,/cities/delhi/connaught-place-home-tuition,Existing page
private tutor in connaught place,Connaught Place location,Local commercial,/cities/delhi/connaught-place-home-tuition,Existing page
tutor near me in connaught place,Connaught Place location,Local commercial,/cities/delhi/connaught-place-home-tuition,Existing page
online tuition in connaught place,Connaught Place location,Local commercial,/cities/delhi/connaught-place-home-tuition,Existing page
one-to-one tuition in connaught place,Connaught Place location,Local commercial,/cities/delhi/connaught-place-home-tuition,Existing page
maths tutor in connaught place,Connaught Place location,Local commercial,/cities/delhi/connaught-place-home-tuition,Existing page
science tutor in connaught place,Connaught Place location,Local commercial,/cities/delhi/connaught-place-home-tuition,Existing page
cbse tutor in connaught place,Connaught Place location,Local commercial,/cities/delhi/connaught-place-home-tuition,Existing page
class 10 tutor in connaught place,Connaught Place location,Local commercial,/cities/delhi/connaught-place-home-tuition,Existing page
verified tutors in connaught place,Connaught Place location,Local commercial,/cities/delhi/connaught-place-home-tuition,Existing page
home tuition fees in connaught place,Connaught Place location,Local informational,/cities/delhi/connaught-place-home-tuition,Existing page
home tuition in gurugram,Gurugram location,Local commercial,/cities/gurugram,Existing page
home tutor in gurugram,Gurugram location,Local commercial,/cities/gurugram,Existing page
private tutor in gurugram,Gurugram location,Local commercial,/cities/gurugram,Existing page
tutor near me in gurugram,Gurugram location,Local commercial,/cities/gurugram,Existing page
online tuition in gurugram,Gurugram location,Local commercial,/cities/gurugram,Existing page
one-to-one tuition in gurugram,Gurugram location,Local commercial,/cities/gurugram,Existing page
maths tutor in gurugram,Gurugram location,Local commercial,/cities/gurugram,Existing page
science tutor in gurugram,Gurugram location,Local commercial,/cities/gurugram,Existing page
cbse tutor in gurugram,Gurugram location,Local commercial,/cities/gurugram,Existing page
class 10 tutor in gurugram,Gurugram location,Local commercial,/cities/gurugram,Existing page
verified tutors in gurugram,Gurugram location,Local commercial,/cities/gurugram,Existing page
home tuition fees in gurugram,Gurugram location,Local informational,/cities/gurugram,Existing page
home tuition in noida,Noida location,Local commercial,/cities/noida,Existing page
home tutor in noida,Noida location,Local commercial,/cities/noida,Existing page
private tutor in noida,Noida location,Local commercial,/cities/noida,Existing page
tutor near me in noida,Noida location,Local commercial,/cities/noida,Existing page
online tuition in noida,Noida location,Local commercial,/cities/noida,Existing page
one-to-one tuition in noida,Noida location,Local commercial,/cities/noida,Existing page
maths tutor in noida,Noida location,Local commercial,/cities/noida,Existing page
science tutor in noida,Noida location,Local commercial,/cities/noida,Existing page
cbse tutor in noida,Noida location,Local commercial,/cities/noida,Existing page
class 10 tutor in noida,Noida location,Local commercial,/cities/noida,Existing page
verified tutors in noida,Noida location,Local commercial,/cities/noida,Existing page
home tuition fees in noida,Noida location,Local informational,/cities/noida,Existing page
home tuition in ghaziabad,Ghaziabad location,Local commercial,/cities/ghaziabad,Existing page
home tutor in ghaziabad,Ghaziabad location,Local commercial,/cities/ghaziabad,Existing page
private tutor in ghaziabad,Ghaziabad location,Local commercial,/cities/ghaziabad,Existing page
tutor near me in ghaziabad,Ghaziabad location,Local commercial,/cities/ghaziabad,Existing page
online tuition in ghaziabad,Ghaziabad location,Local commercial,/cities/ghaziabad,Existing page
one-to-one tuition in ghaziabad,Ghaziabad location,Local commercial,/cities/ghaziabad,Existing page
maths tutor in ghaziabad,Ghaziabad location,Local commercial,/cities/ghaziabad,Existing page
science tutor in ghaziabad,Ghaziabad location,Local commercial,/cities/ghaziabad,Existing page
cbse tutor in ghaziabad,Ghaziabad location,Local commercial,/cities/ghaziabad,Existing page
class 10 tutor in ghaziabad,Ghaziabad location,Local commercial,/cities/ghaziabad,Existing page
verified tutors in ghaziabad,Ghaziabad location,Local commercial,/cities/ghaziabad,Existing page
home tuition fees in ghaziabad,Ghaziabad location,Local informational,/cities/ghaziabad,Existing page
home tuition in faridabad,Faridabad location,Local commercial,/cities/faridabad,Existing page
home tutor in faridabad,Faridabad location,Local commercial,/cities/faridabad,Existing page
private tutor in faridabad,Faridabad location,Local commercial,/cities/faridabad,Existing page
tutor near me in faridabad,Faridabad location,Local commercial,/cities/faridabad,Existing page
online tuition in faridabad,Faridabad location,Local commercial,/cities/faridabad,Existing page
one-to-one tuition in faridabad,Faridabad location,Local commercial,/cities/faridabad,Existing page
maths tutor in faridabad,Faridabad location,Local commercial,/cities/faridabad,Existing page
science tutor in faridabad,Faridabad location,Local commercial,/cities/faridabad,Existing page
cbse tutor in faridabad,Faridabad location,Local commercial,/cities/faridabad,Existing page
class 10 tutor in faridabad,Faridabad location,Local commercial,/cities/faridabad,Existing page
verified tutors in faridabad,Faridabad location,Local commercial,/cities/faridabad,Existing page
home tuition fees in faridabad,Faridabad location,Local informational,/cities/faridabad,Existing page
how to choose a home tutor,Parent and student questions,Informational,/best-home-tuition-services-india,Existing page
parents guide to how to choose a home tutor,Parent and student questions,Informational,/best-home-tuition-services-india,Existing page
student guide to how to choose a home tutor,Parent and student questions,Informational,/best-home-tuition-services-india,Existing page
tips for how to choose a home tutor,Parent and student questions,Informational,/best-home-tuition-services-india,Existing page
best way to understand how to choose a home tutor,Parent and student questions,Informational,/best-home-tuition-services-india,Existing page
what to know about how to choose a home tutor,Parent and student questions,Informational,/best-home-tuition-services-india,Existing page
questions to ask before hiring a tutor,Parent and student questions,Informational,/questions-parents-should-ask-before-hiring-tutor,Existing page
parents guide to questions to ask before hiring a tutor,Parent and student questions,Informational,/questions-parents-should-ask-before-hiring-tutor,Existing page
student guide to questions to ask before hiring a tutor,Parent and student questions,Informational,/questions-parents-should-ask-before-hiring-tutor,Existing page
tips for questions to ask before hiring a tutor,Parent and student questions,Informational,/questions-parents-should-ask-before-hiring-tutor,Existing page
best way to understand questions to ask before hiring a tutor,Parent and student questions,Informational,/questions-parents-should-ask-before-hiring-tutor,Existing page
what to know about questions to ask before hiring a tutor,Parent and student questions,Informational,/questions-parents-should-ask-before-hiring-tutor,Existing page
how to check tutor qualifications,Parent and student questions,Informational,/how-we-verify-tutors,Existing page
parents guide to how to check tutor qualifications,Parent and student questions,Informational,/how-we-verify-tutors,Existing page
student guide to how to check tutor qualifications,Parent and student questions,Informational,/how-we-verify-tutors,Existing page
tips for how to check tutor qualifications,Parent and student questions,Informational,/how-we-verify-tutors,Existing page
best way to understand how to check tutor qualifications,Parent and student questions,Informational,/how-we-verify-tutors,Existing page
what to know about how to check tutor qualifications,Parent and student questions,Informational,/how-we-verify-tutors,Existing page
home tuition vs online tuition,Tuition comparison,Informational,/online-tuition-vs-home-tuition,Existing page
parents guide to home tuition vs online tuition,Tuition comparison,Informational,/online-tuition-vs-home-tuition,Existing page
student guide to home tuition vs online tuition,Tuition comparison,Informational,/online-tuition-vs-home-tuition,Existing page
tips for home tuition vs online tuition,Tuition comparison,Informational,/online-tuition-vs-home-tuition,Existing page
best way to understand home tuition vs online tuition,Tuition comparison,Informational,/online-tuition-vs-home-tuition,Existing page
what to know about home tuition vs online tuition,Tuition comparison,Informational,/online-tuition-vs-home-tuition,Existing page
one-to-one tuition vs group tuition,Tuition comparison,Informational,/one-to-one-vs-group-tuition,Existing page
parents guide to one-to-one tuition vs group tuition,Tuition comparison,Informational,/one-to-one-vs-group-tuition,Existing page
student guide to one-to-one tuition vs group tuition,Tuition comparison,Informational,/one-to-one-vs-group-tuition,Existing page
tips for one-to-one tuition vs group tuition,Tuition comparison,Informational,/one-to-one-vs-group-tuition,Existing page
best way to understand one-to-one tuition vs group tuition,Tuition comparison,Informational,/one-to-one-vs-group-tuition,Existing page
what to know about one-to-one tuition vs group tuition,Tuition comparison,Informational,/one-to-one-vs-group-tuition,Existing page
academic coaching vs tuition,Tuition comparison,Informational,/academic-coaching-vs-tuition-parent-guide,Existing page
parents guide to academic coaching vs tuition,Tuition comparison,Informational,/academic-coaching-vs-tuition-parent-guide,Existing page
student guide to academic coaching vs tuition,Tuition comparison,Informational,/academic-coaching-vs-tuition-parent-guide,Existing page
tips for academic coaching vs tuition,Tuition comparison,Informational,/academic-coaching-vs-tuition-parent-guide,Existing page
best way to understand academic coaching vs tuition,Tuition comparison,Informational,/academic-coaching-vs-tuition-parent-guide,Existing page
what to know about academic coaching vs tuition,Tuition comparison,Informational,/academic-coaching-vs-tuition-parent-guide,Existing page
how are home tuition fees decided,Tutor fees,Informational,/home-tuition-fees,Existing page
parents guide to how are home tuition fees decided,Tutor fees,Informational,/home-tuition-fees,Existing page
student guide to how are home tuition fees decided,Tutor fees,Informational,/home-tuition-fees,Existing page
tips for how are home tuition fees decided,Tutor fees,Informational,/home-tuition-fees,Existing page
best way to understand how are home tuition fees decided,Tutor fees,Informational,/home-tuition-fees,Existing page
what to know about how are home tuition fees decided,Tutor fees,Informational,/home-tuition-fees,Existing page
expected tuition fees before starting classes,Tutor fees,Informational,/expected-tuition-fees-before-starting-classes,Existing page
parents guide to expected tuition fees before starting classes,Tutor fees,Informational,/expected-tuition-fees-before-starting-classes,Existing page
student guide to expected tuition fees before starting classes,Tutor fees,Informational,/expected-tuition-fees-before-starting-classes,Existing page
tips for expected tuition fees before starting classes,Tutor fees,Informational,/expected-tuition-fees-before-starting-classes,Existing page
best way to understand expected tuition fees before starting classes,Tutor fees,Informational,/expected-tuition-fees-before-starting-classes,Existing page
what to know about expected tuition fees before starting classes,Tutor fees,Informational,/expected-tuition-fees-before-starting-classes,Existing page
what happens in a tuition demo class,Demo classes,Informational,/demo-class-for-tuition-tutor-fit-guide,Existing page
parents guide to what happens in a tuition demo class,Demo classes,Informational,/demo-class-for-tuition-tutor-fit-guide,Existing page
student guide to what happens in a tuition demo class,Demo classes,Informational,/demo-class-for-tuition-tutor-fit-guide,Existing page
tips for what happens in a tuition demo class,Demo classes,Informational,/demo-class-for-tuition-tutor-fit-guide,Existing page
best way to understand what happens in a tuition demo class,Demo classes,Informational,/demo-class-for-tuition-tutor-fit-guide,Existing page
what to know about what happens in a tuition demo class,Demo classes,Informational,/demo-class-for-tuition-tutor-fit-guide,Existing page
how parents can track tuition progress,Progress tracking,Informational,/how-parents-track-tuition-progress,Existing page
parents guide to how parents can track tuition progress,Progress tracking,Informational,/how-parents-track-tuition-progress,Existing page
student guide to how parents can track tuition progress,Progress tracking,Informational,/how-parents-track-tuition-progress,Existing page
tips for how parents can track tuition progress,Progress tracking,Informational,/how-parents-track-tuition-progress,Existing page
best way to understand how parents can track tuition progress,Progress tracking,Informational,/how-parents-track-tuition-progress,Existing page
what to know about how parents can track tuition progress,Progress tracking,Informational,/how-parents-track-tuition-progress,Existing page
tuition for weak students,Study support,Informational,/home-tuition-for-weak-students,Existing page
parents guide to tuition for weak students,Study support,Informational,/home-tuition-for-weak-students,Existing page
student guide to tuition for weak students,Study support,Informational,/home-tuition-for-weak-students,Existing page
tips for tuition for weak students,Study support,Informational,/home-tuition-for-weak-students,Existing page
best way to understand tuition for weak students,Study support,Informational,/home-tuition-for-weak-students,Existing page
what to know about tuition for weak students,Study support,Informational,/home-tuition-for-weak-students,Existing page
homework support tuition,Study support,Informational,/homework-support-tuition-study-discipline,Existing page
parents guide to homework support tuition,Study support,Informational,/homework-support-tuition-study-discipline,Existing page
student guide to homework support tuition,Study support,Informational,/homework-support-tuition-study-discipline,Existing page
tips for homework support tuition,Study support,Informational,/homework-support-tuition-study-discipline,Existing page
best way to understand homework support tuition,Study support,Informational,/homework-support-tuition-study-discipline,Existing page
what to know about homework support tuition,Study support,Informational,/homework-support-tuition-study-discipline,Existing page
spoken english classes,Spoken English,Commercial,/languages/spoken-english-classes,Existing page
spoken english classes near me,Spoken English,Local commercial,/languages/spoken-english-classes,Existing page
spoken english classes online,Spoken English,Commercial,/languages/spoken-english-classes,Existing page
spoken english classes for beginners,Spoken English,Commercial,/languages/spoken-english-classes,Existing page
spoken english classes with personal tutor,Spoken English,Commercial,/languages/spoken-english-classes,Existing page
spoken english classes with flexible timings,Spoken English,Commercial,/languages/spoken-english-classes,Existing page
spoken english classes for school students,Spoken English,Commercial,/languages/spoken-english-classes,Existing page
spoken english classes one-to-one,Spoken English,Commercial,/languages/spoken-english-classes,Existing page
spoken english classes at home,Spoken English,Commercial,/languages/spoken-english-classes,Existing page
spoken english classes for confidence,Spoken English,Commercial,/languages/spoken-english-classes,Existing page
english grammar classes,Languages,Commercial,/languages/english-grammar-classes,Existing page
english grammar classes near me,Languages,Local commercial,/languages/english-grammar-classes,Existing page
english grammar classes online,Languages,Commercial,/languages/english-grammar-classes,Existing page
english grammar classes for beginners,Languages,Commercial,/languages/english-grammar-classes,Existing page
english grammar classes with personal tutor,Languages,Commercial,/languages/english-grammar-classes,Existing page
english grammar classes with flexible timings,Languages,Commercial,/languages/english-grammar-classes,Existing page
english grammar classes for school students,Languages,Commercial,/languages/english-grammar-classes,Existing page
english grammar classes one-to-one,Languages,Commercial,/languages/english-grammar-classes,Existing page
english grammar classes at home,Languages,Commercial,/languages/english-grammar-classes,Existing page
english grammar classes for confidence,Languages,Commercial,/languages/english-grammar-classes,Existing page
coding classes for kids,Skill-based tutoring,Commercial,/subjects/coding-for-kids,Existing page
coding classes for kids near me,Skill-based tutoring,Local commercial,/subjects/coding-for-kids,Existing page
coding classes for kids online,Skill-based tutoring,Commercial,/subjects/coding-for-kids,Existing page
coding classes for kids for beginners,Skill-based tutoring,Commercial,/subjects/coding-for-kids,Existing page
coding classes for kids with personal tutor,Skill-based tutoring,Commercial,/subjects/coding-for-kids,Existing page
coding classes for kids with flexible timings,Skill-based tutoring,Commercial,/subjects/coding-for-kids,Existing page
coding classes for kids for school students,Skill-based tutoring,Commercial,/subjects/coding-for-kids,Existing page
coding classes for kids one-to-one,Skill-based tutoring,Commercial,/subjects/coding-for-kids,Existing page
coding classes for kids at home,Skill-based tutoring,Commercial,/subjects/coding-for-kids,Existing page
coding classes for kids for confidence,Skill-based tutoring,Commercial,/subjects/coding-for-kids,Existing page
computer classes for students,Skill-based tutoring,Commercial,/computer-courses,Existing page
computer classes for students near me,Skill-based tutoring,Local commercial,/computer-courses,Existing page
computer classes for students online,Skill-based tutoring,Commercial,/computer-courses,Existing page
computer classes for students for beginners,Skill-based tutoring,Commercial,/computer-courses,Existing page
computer classes for students with personal tutor,Skill-based tutoring,Commercial,/computer-courses,Existing page
computer classes for students with flexible timings,Skill-based tutoring,Commercial,/computer-courses,Existing page
computer classes for students for school students,Skill-based tutoring,Commercial,/computer-courses,Existing page
computer classes for students one-to-one,Skill-based tutoring,Commercial,/computer-courses,Existing page
computer classes for students at home,Skill-based tutoring,Commercial,/computer-courses,Existing page
computer classes for students for confidence,Skill-based tutoring,Commercial,/computer-courses,Existing page
communication skills classes,Skill-based tutoring,Commercial,/languages,Existing page
communication skills classes near me,Skill-based tutoring,Local commercial,/languages,Existing page
communication skills classes online,Skill-based tutoring,Commercial,/languages,Existing page
communication skills classes for beginners,Skill-based tutoring,Commercial,/languages,Existing page
communication skills classes with personal tutor,Skill-based tutoring,Commercial,/languages,Existing page
communication skills classes with flexible timings,Skill-based tutoring,Commercial,/languages,Existing page
communication skills classes for school students,Skill-based tutoring,Commercial,/languages,Existing page
communication skills classes one-to-one,Skill-based tutoring,Commercial,/languages,Existing page
communication skills classes at home,Skill-based tutoring,Commercial,/languages,Existing page
communication skills classes for confidence,Skill-based tutoring,Commercial,/languages,Existing page
female home tutor,Female tutors,Commercial preference-based,/student-registration,Existing page
female home tutor near me,Female tutors,Commercial preference-based,/student-registration,Existing page
female home tutor for school students,Female tutors,Commercial preference-based,/student-registration,Existing page
female home tutor for maths,Female tutors,Commercial preference-based,/student-registration,Existing page
female home tutor for science,Female tutors,Commercial preference-based,/student-registration,Existing page
female home tutor for class 10,Female tutors,Commercial preference-based,/student-registration,Existing page
female home tutor for class 12,Female tutors,Commercial preference-based,/student-registration,Existing page
female home tutor with flexible timings,Female tutors,Commercial preference-based,/student-registration,Existing page
male home tutor,Male tutors,Commercial preference-based,/student-registration,Existing page
male home tutor near me,Male tutors,Commercial preference-based,/student-registration,Existing page
male home tutor for school students,Male tutors,Commercial preference-based,/student-registration,Existing page
male home tutor for maths,Male tutors,Commercial preference-based,/student-registration,Existing page
male home tutor for science,Male tutors,Commercial preference-based,/student-registration,Existing page
male home tutor for class 10,Male tutors,Commercial preference-based,/student-registration,Existing page
male home tutor for class 12,Male tutors,Commercial preference-based,/student-registration,Existing page
male home tutor with flexible timings,Male tutors,Commercial preference-based,/student-registration,Existing page
